Location,Time,SSID,BSSID,RSSI,AP List
LG25,1676396088,"eduroam",70:3a:0e:62:d7:31,-66,eduroam;9c:8c:d8:a1:1d:21;-78|DCU-Guest-WiFi;9c:8c:d8:a1:1d:20;-78|DCU-Guest-WiFi;9c:8c:d8:a1:1d:30;-82|eduroam;9c:8c:d8:a1:1d:31;-82|DCU-Guest-WiFi;70:3a:0e:62:e0:40;-87|DCU-Guest-WiFi;70:3a:0e:62:e0:50;-86|eduroam;70:3a:0e:62:e0:51;-86|eduroam;24:f2:7f:ac:d4:e1;-82|DCU-Guest-WiFi;24:f2:7f:ac:d4:40;-87|DCU-Guest-WiFi;24:f2:7f:ac:d4:f0;-88|eduroam;24:f2:7f:ac:d4:f1;-88|eduroam;24:f2:7f:ac:d7:61;-81|DCU-Guest-WiFi;24:f2:7f:ac:d7:60;-81|eduroam;c8:b5:ad:e7:1a:41;-82|DCU-Guest-WiFi;c8:b5:ad:e7:1a:40;-89|eduroam;b4:5d:50:6b:9e:e1;-88|eduroam;24:f2:7f:ac:d7:71;-83|DCU-Guest-WiFi;24:f2:7f:ac:d7:70;-82|DCU-Guest-WiFi;24:f2:7f:ac:c7:40;-90|DCU-Guest-WiFi;70:3a:0e:62:d7:20;-89|eduroam;70:3a:0e:62:d7:21;-89|eduroam;20:a6:cd:90:e0:51;-85|eduroam;70:3a:0e:62:d7:31;-83|DCU-Guest-WiFi;70:3a:0e:62:d7:30;-83|DCU-Guest-WiFi;20:a6:cd:90:e0:50;-86|eduroam;c8:b5:ad:ca:75:11;-86|DCU-Guest-WiFi;c8:b5:ad:ca:75:10;-85|eduroam;c8:b5:ad:e9:9c:f1;-89|DCU-Guest-WiFi;c8:b5:ad:e9:9c:f0;-88|eduroam;24:f2:7f:ac:d4:51;-88|DCU-Guest-WiFi;24:f2:7f:ac:d4:50;-87|eduroam;c8:b5:ad:ca:75:01;-82|DCU-Guest-WiFi;20:a6:cd:90:e0:40;-85|eduroam;20:a6:cd:90:e0:41;-85|
LG25,1676396118,"eduroam",70:3a:0e:62:d7:31,-66,DCU-Guest-WiFi;70:3a:0e:62:e0:40;-46|eduroam;70:3a:0e:62:e0:41;-46|DCU-Guest-WiFi;70:3a:0e:62:e0:50;-53|eduroam;70:3a:0e:62:e0:51;-53|DCU-Guest-WiFi;cc:88:c7:80:7e:43;-71|eduroam;cc:88:c7:80:7e:40;-77|DCU-Guest-WiFi;24:f2:7f:ac:d4:40;-82|eduroam;cc:88:c7:80:7e:50;-81|DCU-Guest-WiFi;24:f2:7f:ac:d4:f0;-71|DCU-Guest-WiFi;cc:88:c7:80:7e:53;-80|eduroam;24:f2:7f:ac:d4:f1;-72|DCU-Guest-WiFi;24:f2:7f:ac:d1:20;-62|eduroam;24:f2:7f:ac:d1:21;-61|DCU-Guest-WiFi;70:3a:0e:62:d7:20;-73|eduroam;70:3a:0e:62:d7:21;-74|eduroam;20:a6:cd:90:e0:51;-66|eduroam;24:f2:7f:ac:d1:31;-51|DCU-Guest-WiFi;c8:b5:ad:ca:86:e2;-84|eduroam;c8:b5:ad:ca:86:e0;-83|eduroam;70:3a:0e:62:d7:31;-68|DCU-Guest-WiFi;70:3a:0e:62:d7:30;-64|DCU-Guest-WiFi;24:f2:7f:ac:d1:30;-51|DCU-Guest-WiFi;20:a6:cd:90:e0:50;-66|eduroam;24:f2:7f:ac:d4:51;-79|DCU-Guest-WiFi;24:f2:7f:ac:d4:50;-79|
LG25,1676396148,"eduroam",70:3a:0e:62:d7:31,-66,DCU-Guest-WiFi;70:3a:0e:62:e0:40;-41|eduroam;70:3a:0e:62:e0:41;-42|DCU-Guest-WiFi;70:3a:0e:62:e0:50;-54|eduroam;70:3a:0e:62:e0:51;-54|DCU-Guest-WiFi;24:f2:7f:ac:d4:e0;-72|eduroam;24:f2:7f:ac:d4:41;-78|DCU-Guest-WiFi;24:f2:7f:ac:d4:40;-82|eduroam;cc:88:c7:80:7e:50;-82|DCU-Guest-WiFi;24:f2:7f:ac:d4:f0;-74|DCU-Guest-WiFi;cc:88:c7:80:7e:53;-81|eduroam;24:f2:7f:ac:d4:f1;-74|DCU-Guest-WiFi;24:f2:7f:ac:d1:20;-59|eduroam;24:f2:7f:ac:d1:21;-60|eduroam;70:3a:0e:62:d7:21;-69|eduroam;20:a6:cd:90:e0:51;-69|eduroam;24:f2:7f:ac:d1:31;-58|eduroam;70:3a:0e:62:d7:31;-69|DCU-Guest-WiFi;70:3a:0e:62:d7:30;-70|DCU-Guest-WiFi;24:f2:7f:ac:d1:30;-58|DCU-Guest-WiFi;20:a6:cd:90:e0:50;-69|DCU-Guest-WiFi;20:a6:cd:90:e0:40;-67|eduroam;20:a6:cd:90:e0:41;-66|
LG25,1676396208,"eduroam",70:3a:0e:62:d7:31,-66,DCU-Guest-WiFi;70:3a:0e:62:e0:40;-44|eduroam;70:3a:0e:62:e0:41;-42|DCU-Guest-WiFi;70:3a:0e:62:e0:50;-52|eduroam;70:3a:0e:62:e0:51;-52|DCU-Guest-WiFi;cc:88:c7:80:7e:43;-77|eduroam;24:f2:7f:ac:d4:e1;-73|DCU-Guest-WiFi;24:f2:7f:ac:d4:e0;-70|eduroam;cc:88:c7:80:7e:50;-83|DCU-Guest-WiFi;24:f2:7f:ac:d4:f0;-76|DCU-Guest-WiFi;cc:88:c7:80:7e:53;-83|eduroam;24:f2:7f:ac:d4:f1;-76|eduroam;24:f2:7f:ac:d7:71;-89|DCU-Guest-WiFi;24:f2:7f:ac:d7:70;-88|DCU-Guest-WiFi;24:f2:7f:ac:d1:20;-56|eduroam;24:f2:7f:ac:d1:21;-56|DCU-Guest-WiFi;70:3a:0e:62:d7:20;-71|eduroam;70:3a:0e:62:d7:21;-71|eduroam;20:a6:cd:90:e0:51;-69|eduroam;24:f2:7f:ac:d1:31;-55|eduroam;70:3a:0e:62:d7:31;-70|DCU-Guest-WiFi;70:3a:0e:62:d7:30;-70|DCU-Guest-WiFi;24:f2:7f:ac:d1:30;-56|DCU-Guest-WiFi;20:a6:cd:90:e0:50;-69|eduroam;24:f2:7f:ac:d4:51;-80|DCU-Guest-WiFi;24:f2:7f:ac:d4:50;-81|DCU-Guest-WiFi;20:a6:cd:90:e0:40;-61|
LG25,1676396238,"eduroam",70:3a:0e:62:d7:31,-66,DCU-Guest-WiFi;70:3a:0e:62:e0:40;-41|eduroam;70:3a:0e:62:e0:41;-42|DCU-Guest-WiFi;70:3a:0e:62:e0:50;-55|eduroam;70:3a:0e:62:e0:51;-56|eduroam;24:f2:7f:ac:d4:e1;-72|DCU-Guest-WiFi;24:f2:7f:ac:d4:e0;-74|eduroam;cc:88:c7:80:7e:50;-81|DCU-Guest-WiFi;24:f2:7f:ac:d4:f0;-76|DCU-Guest-WiFi;cc:88:c7:80:7e:53;-81|eduroam;24:f2:7f:ac:d4:f1;-75|eduroam;24:f2:7f:ac:d7:71;-87|DCU-Guest-WiFi;24:f2:7f:ac:d7:70;-87|DCU-Guest-WiFi;24:f2:7f:ac:d1:20;-57|eduroam;24:f2:7f:ac:d1:21;-58|DCU-Guest-WiFi;70:3a:0e:62:d7:20;-70|eduroam;70:3a:0e:62:d7:21;-70|eduroam;20:a6:cd:90:e0:51;-68|eduroam;24:f2:7f:ac:d1:31;-59|eduroam;70:3a:0e:62:d7:31;-68|DCU-Guest-WiFi;70:3a:0e:62:d7:30;-68|DCU-Guest-WiFi;24:f2:7f:ac:d1:30;-59|DCU-Guest-WiFi;20:a6:cd:90:e0:50;-69|eduroam;24:f2:7f:ac:d4:51;-82|DCU-Guest-WiFi;24:f2:7f:ac:d4:50;-82|DCU-Guest-WiFi;20:a6:cd:90:e0:40;-69|eduroam;20:a6:cd:90:e0:41;-61|
LG25,1676396268,"eduroam",70:3a:0e:62:d7:31,-66,DCU-Guest-WiFi;70:3a:0e:62:e0:40;-43|eduroam;70:3a:0e:62:e0:41;-43|DCU-Guest-WiFi;70:3a:0e:62:e0:50;-55|eduroam;70:3a:0e:62:e0:51;-55|eduroam;24:f2:7f:ac:d4:e1;-72|eduroam;cc:88:c7:80:7e:40;-77|DCU-Guest-WiFi;24:f2:7f:ac:d4:e0;-72|eduroam;cc:88:c7:80:7e:50;-82|DCU-Guest-WiFi;24:f2:7f:ac:d4:f0;-76|DCU-Guest-WiFi;cc:88:c7:80:7e:53;-82|eduroam;24:f2:7f:ac:d4:f1;-75|eduroam;24:f2:7f:ac:d7:71;-87|DCU-Guest-WiFi;24:f2:7f:ac:d7:70;-87|DCU-Guest-WiFi;24:f2:7f:ac:d1:20;-57|eduroam;24:f2:7f:ac:d1:21;-59|DCU-Guest-WiFi;70:3a:0e:62:d7:20;-71|eduroam;70:3a:0e:62:d7:21;-68|eduroam;20:a6:cd:90:e0:51;-68|eduroam;24:f2:7f:ac:d1:31;-60|eduroam;70:3a:0e:62:d7:31;-68|DCU-Guest-WiFi;70:3a:0e:62:d7:30;-70|DCU-Guest-WiFi;24:f2:7f:ac:d1:30;-60|DCU-Guest-WiFi;20:a6:cd:90:e0:50;-69|eduroam;24:f2:7f:ac:d4:51;-79|DCU-Guest-WiFi;24:f2:7f:ac:d4:50;-80|DCU-Guest-WiFi;20:a6:cd:90:e0:40;-67|eduroam;20:a6:cd:90:e0:41;-67|
LG25,1676396298,"eduroam",70:3a:0e:62:d7:31,-66,DCU-Guest-WiFi;70:3a:0e:62:e0:40;-41|eduroam;70:3a:0e:62:e0:41;-41|DCU-Guest-WiFi;70:3a:0e:62:e0:50;-54|eduroam;70:3a:0e:62:e0:51;-54|DCU-Guest-WiFi;cc:88:c7:80:7e:43;-74|eduroam;cc:88:c7:80:7e:50;-80|DCU-Guest-WiFi;24:f2:7f:ac:d4:f0;-75|DCU-Guest-WiFi;cc:88:c7:80:7e:53;-81|eduroam;24:f2:7f:ac:d4:f1;-75|eduroam;24:f2:7f:ac:d7:71;-88|DCU-Guest-WiFi;24:f2:7f:ac:d7:70;-88|DCU-Guest-WiFi;24:f2:7f:ac:d1:20;-59|eduroam;24:f2:7f:ac:d1:21;-59|DCU-Guest-WiFi;70:3a:0e:62:d7:20;-71|eduroam;70:3a:0e:62:d7:21;-69|eduroam;20:a6:cd:90:e0:51;-69|eduroam;24:f2:7f:ac:d1:31;-61|eduroam;70:3a:0e:62:d7:31;-68|DCU-Guest-WiFi;70:3a:0e:62:d7:30;-69|DCU-Guest-WiFi;24:f2:7f:ac:d1:30;-60|DCU-Guest-WiFi;20:a6:cd:90:e0:50;-69|eduroam;24:f2:7f:ac:d4:51;-80|DCU-Guest-WiFi;24:f2:7f:ac:d4:50;-81|DCU-Guest-WiFi;20:a6:cd:90:e0:40;-68|eduroam;20:a6:cd:90:e0:41;-67|
LG25,1676396328,"eduroam",70:3a:0e:62:d7:31,-66,DCU-Guest-WiFi;70:3a:0e:62:e0:40;-43|eduroam;70:3a:0e:62:e0:41;-41|DCU-Guest-WiFi;70:3a:0e:62:e0:50;-54|eduroam;70:3a:0e:62:e0:51;-54|eduroam;24:f2:7f:ac:d4:e1;-73|eduroam;cc:88:c7:80:7e:50;-82|DCU-Guest-WiFi;24:f2:7f:ac:d4:f0;-79|DCU-Guest-WiFi;cc:88:c7:80:7e:53;-82|eduroam;24:f2:7f:ac:d4:f1;-79|eduroam;24:f2:7f:ac:d7:71;-87|DCU-Guest-WiFi;24:f2:7f:ac:d7:70;-87|DCU-Guest-WiFi;24:f2:7f:ac:d1:20;-62|DCU-Guest-WiFi;70:3a:0e:62:d7:20;-69|eduroam;70:3a:0e:62:d7:21;-70|eduroam;20:a6:cd:90:e0:51;-67|eduroam;24:f2:7f:ac:d1:31;-59|eduroam;70:3a:0e:62:d7:31;-68|DCU-Guest-WiFi;70:3a:0e:62:d7:30;-69|DCU-Guest-WiFi;24:f2:7f:ac:d1:30;-59|DCU-Guest-WiFi;20:a6:cd:90:e0:50;-67|eduroam;24:f2:7f:ac:d4:51;-80|DCU-Guest-WiFi;24:f2:7f:ac:d4:50;-79|DCU-Guest-WiFi;20:a6:cd:90:e0:40;-66|eduroam;20:a6:cd:90:e0:41;-67|
LG25,1676396358,"eduroam",70:3a:0e:62:d7:31,-66,DCU-Guest-WiFi;70:3a:0e:62:e0:40;-42|eduroam;70:3a:0e:62:e0:41;-41|DCU-Guest-WiFi;70:3a:0e:62:e0:50;-57|eduroam;70:3a:0e:62:e0:51;-57|eduroam;24:f2:7f:ac:d4:e1;-73|DCU-Guest-WiFi;24:f2:7f:ac:d4:e0;-73|eduroam;cc:88:c7:80:7e:50;-82|DCU-Guest-WiFi;24:f2:7f:ac:d4:f0;-76|DCU-Guest-WiFi;cc:88:c7:80:7e:53;-82|eduroam;24:f2:7f:ac:d4:f1;-76|DCU-Guest-WiFi;24:f2:7f:ac:d1:20;-59|eduroam;24:f2:7f:ac:d1:21;-60|DCU-Guest-WiFi;70:3a:0e:62:d7:20;-67|eduroam;70:3a:0e:62:d7:21;-67|eduroam;20:a6:cd:90:e0:51;-68|eduroam;24:f2:7f:ac:d1:31;-57|eduroam;70:3a:0e:62:d7:31;-68|DCU-Guest-WiFi;70:3a:0e:62:d7:30;-70|DCU-Guest-WiFi;24:f2:7f:ac:d1:30;-57|DCU-Guest-WiFi;20:a6:cd:90:e0:50;-68|eduroam;24:f2:7f:ac:d4:51;-81|DCU-Guest-WiFi;24:f2:7f:ac:d4:50;-80|eduroam;20:a6:cd:90:e0:41;-59|
LG25,1676396388,"eduroam",70:3a:0e:62:d7:31,-66,DCU-Guest-WiFi;70:3a:0e:62:e0:40;-47|eduroam;70:3a:0e:62:e0:41;-47|DCU-Guest-WiFi;70:3a:0e:62:e0:50;-48|eduroam;70:3a:0e:62:e0:51;-48|DCU-Guest-WiFi;cc:88:c7:80:7e:43;-81|eduroam;24:f2:7f:ac:d4:41;-71|DCU-Guest-WiFi;24:f2:7f:ac:d4:40;-81|eduroam;cc:88:c7:80:7e:50;-82|DCU-Guest-WiFi;24:f2:7f:ac:d4:f0;-72|DCU-Guest-WiFi;cc:88:c7:80:7e:53;-82|eduroam;24:f2:7f:ac:d4:f1;-72|eduroam;c8:b5:ad:ca:8c:21;-89|eduroam;24:f2:7f:ac:d7:71;-85|DCU-Guest-WiFi;24:f2:7f:ac:d7:70;-84|DCU-Guest-WiFi;24:f2:7f:ac:d1:20;-55|eduroam;24:f2:7f:ac:d1:21;-54|eduroam;20:a6:cd:90:e0:51;-63|eduroam;24:f2:7f:ac:d1:31;-52|DCU-Guest-WiFi;c8:b5:ad:ca:86:e2;-82|eduroam;70:3a:0e:62:d7:31;-62|DCU-Guest-WiFi;70:3a:0e:62:d7:30;-67|DCU-Guest-WiFi;24:f2:7f:ac:d1:30;-52|DCU-Guest-WiFi;20:a6:cd:90:e0:50;-63|DCU-Guest-WiFi;20:a6:cd:90:e0:40;-62|eduroam;20:a6:cd:90:e0:41;-60|
LG25,1676396418,"eduroam",70:3a:0e:62:d7:31,-66,eduroam;70:3a:0e:62:e0:41;-60|DCU-Guest-WiFi;70:3a:0e:62:e0:50;-66|eduroam;70:3a:0e:62:e0:51;-66|DCU-Guest-WiFi;24:f2:7f:ac:d4:e0;-73|DCU-Guest-WiFi;24:f2:7f:ac:d4:f0;-74|eduroam;24:f2:7f:ac:d4:f1;-74|eduroam;34:fc:b9:14:ad:a1;-86|DCU-Guest-WiFi;34:fc:b9:14:ad:a0;-85|DCU-Guest-WiFi;24:f2:7f:ac:d1:20;-48|eduroam;24:f2:7f:ac:d1:21;-49|eduroam;20:a6:cd:90:e0:51;-73|eduroam;24:f2:7f:ac:d1:31;-45|eduroam;70:3a:0e:62:d7:31;-67|DCU-Guest-WiFi;70:3a:0e:62:d7:30;-69|DCU-Guest-WiFi;24:f2:7f:ac:d1:30;-45|DCU-Guest-WiFi;20:a6:cd:90:e0:50;-73|DCU-Guest-WiFi;20:a6:cd:90:e0:40;-73|eduroam;34:fc:b9:14:b7:e1;-87|DCU-Guest-WiFi;34:fc:b9:14:b7:e0;-86|
LG25,1676396467,"eduroam",70:3a:0e:62:d7:31,-66,DCU-Guest-WiFi;70:3a:0e:62:e0:40;-62|eduroam;70:3a:0e:62:e0:41;-62|DCU-Guest-WiFi;70:3a:0e:62:e0:50;-65|eduroam;70:3a:0e:62:e0:51;-64|eduroam;cc:88:c7:80:7e:40;-79|DCU-Guest-WiFi;24:f2:7f:ac:d4:e0;-74|DCU-Guest-WiFi;24:f2:7f:ac:d4:f0;-66|eduroam;24:f2:7f:ac:d4:f1;-67|eduroam;24:f2:7f:ac:d7:71;-88|DCU-Guest-WiFi;24:f2:7f:ac:d7:70;-89|DCU-Guest-WiFi;24:f2:7f:ac:d1:20;-50|DCU-Guest-WiFi;70:3a:0e:62:d7:20;-69|eduroam;70:3a:0e:62:d7:21;-71|eduroam;20:a6:cd:90:e0:51;-71|eduroam;24:f2:7f:ac:d1:31;-45|eduroam;70:3a:0e:62:d7:31;-68|DCU-Guest-WiFi;70:3a:0e:62:d7:30;-69|DCU-Guest-WiFi;24:f2:7f:ac:d1:30;-45|DCU-Guest-WiFi;20:a6:cd:90:e0:50;-71|DCU-Guest-WiFi;20:a6:cd:90:e0:40;-74|
LG25,1676396497,"eduroam",70:3a:0e:62:d7:31,-66,DCU-Guest-WiFi;70:3a:0e:62:e0:40;-62|DCU-Guest-WiFi;70:3a:0e:62:e0:50;-59|eduroam;70:3a:0e:62:e0:51;-58|eduroam;24:f2:7f:ac:d4:e1;-72|eduroam;cc:88:c7:80:7e:40;-78|DCU-Guest-WiFi;24:f2:7f:ac:d4:f0;-71|eduroam;24:f2:7f:ac:d4:f1;-70|eduroam;24:f2:7f:ac:d7:71;-86|DCU-Guest-WiFi;24:f2:7f:ac:d7:70;-86|DCU-Guest-WiFi;24:f2:7f:ac:d1:20;-49|eduroam;24:f2:7f:ac:d1:21;-49|DCU-Guest-WiFi;70:3a:0e:62:d7:20;-70|eduroam;70:3a:0e:62:d7:21;-70|eduroam;20:a6:cd:90:e0:51;-73|eduroam;24:f2:7f:ac:d1:31;-47|eduroam;70:3a:0e:62:d7:31;-67|DCU-Guest-WiFi;70:3a:0e:62:d7:30;-63|DCU-Guest-WiFi;24:f2:7f:ac:d1:30;-47|DCU-Guest-WiFi;20:a6:cd:90:e0:50;-73|eduroam;24:f2:7f:ac:d4:51;-79|DCU-Guest-WiFi;24:f2:7f:ac:d4:50;-78|DCU-Guest-WiFi;20:a6:cd:90:e0:40;-68|eduroam;20:a6:cd:90:e0:41;-65|
LG25,1676396527,"eduroam",70:3a:0e:62:d7:31,-66,DCU-Guest-WiFi;70:3a:0e:62:e0:40;-64|eduroam;70:3a:0e:62:e0:41;-65|DCU-Guest-WiFi;70:3a:0e:62:e0:50;-57|eduroam;70:3a:0e:62:e0:51;-58|eduroam;24:f2:7f:ac:d4:41;-67|eduroam;cc:88:c7:80:7e:50;-85|DCU-Guest-WiFi;24:f2:7f:ac:d4:f0;-69|DCU-Guest-WiFi;cc:88:c7:80:7e:53;-85|eduroam;24:f2:7f:ac:d4:f1;-69|eduroam;24:f2:7f:ac:d7:71;-88|DCU-Guest-WiFi;24:f2:7f:ac:d7:70;-88|DCU-Guest-WiFi;24:f2:7f:ac:d1:20;-53|eduroam;24:f2:7f:ac:d1:21;-58|DCU-Guest-WiFi;70:3a:0e:62:d7:20;-56|eduroam;70:3a:0e:62:d7:21;-67|eduroam;20:a6:cd:90:e0:51;-67|eduroam;24:f2:7f:ac:d1:31;-45|eduroam;70:3a:0e:62:d7:31;-63|DCU-Guest-WiFi;70:3a:0e:62:d7:30;-66|DCU-Guest-WiFi;24:f2:7f:ac:d1:30;-45|DCU-Guest-WiFi;20:a6:cd:90:e0:50;-67|eduroam;24:f2:7f:ac:d4:51;-76|DCU-Guest-WiFi;24:f2:7f:ac:d4:50;-77|
LG25,1676396557,"eduroam",70:3a:0e:62:d7:31,-66,DCU-Guest-WiFi;70:3a:0e:62:e0:40;-61|eduroam;70:3a:0e:62:e0:41;-61|DCU-Guest-WiFi;70:3a:0e:62:e0:50;-61|eduroam;70:3a:0e:62:e0:51;-61|eduroam;24:f2:7f:ac:d4:e1;-72|DCU-Guest-WiFi;24:f2:7f:ac:d4:e0;-75|DCU-Guest-WiFi;24:f2:7f:ac:d4:f0;-72|eduroam;24:f2:7f:ac:d4:f1;-72|DCU-Guest-WiFi;c8:b5:ad:ca:8c:20;-83|eduroam;24:f2:7f:ac:d7:71;-88|DCU-Guest-WiFi;24:f2:7f:ac:d7:70;-87|DCU-Guest-WiFi;24:f2:7f:ac:d1:20;-50|eduroam;24:f2:7f:ac:d1:21;-50|eduroam;20:a6:cd:90:e0:51;-71|eduroam;24:f2:7f:ac:d1:31;-47|eduroam;70:3a:0e:62:d7:31;-67|DCU-Guest-WiFi;70:3a:0e:62:d7:30;-67|DCU-Guest-WiFi;24:f2:7f:ac:d1:30;-47|DCU-Guest-WiFi;20:a6:cd:90:e0:50;-72|eduroam;24:f2:7f:ac:d4:51;-79|DCU-Guest-WiFi;24:f2:7f:ac:d4:50;-80|eduroam;34:fc:b9:14:b7:e1;-87|DCU-Guest-WiFi;34:fc:b9:14:b7:e0;-85|
LG25,1676396587,"eduroam",70:3a:0e:62:d7:31,-66,DCU-Guest-WiFi;70:3a:0e:62:e0:40;-60|eduroam;70:3a:0e:62:e0:41;-61|DCU-Guest-WiFi;70:3a:0e:62:e0:50;-61|eduroam;70:3a:0e:62:e0:51;-61|eduroam;c8:b5:ad:4e:bb:01;-87|DCU-Guest-WiFi;24:f2:7f:ac:d4:40;-83|DCU-Guest-WiFi;24:f2:7f:ac:d4:f0;-72|eduroam;24:f2:7f:ac:d4:f1;-72|eduroam;24:f2:7f:ac:d7:71;-87|eduroam;c8:b5:ad:4e:b9:81;-78|DCU-Guest-WiFi;24:f2:7f:ac:d7:70;-86|DCU-Guest-WiFi;24:f2:7f:ac:d1:20;-49|eduroam;24:f2:7f:ac:d1:21;-50|DCU-Guest-WiFi;70:3a:0e:62:d7:20;-63|eduroam;70:3a:0e:62:d7:21;-71|eduroam;20:a6:cd:90:e0:51;-72|eduroam;24:f2:7f:ac:d1:31;-46|eduroam;70:3a:0e:62:d7:31;-67|DCU-Guest-WiFi;70:3a:0e:62:d7:30;-66|DCU-Guest-WiFi;24:f2:7f:ac:d1:30;-46|DCU-Guest-WiFi;20:a6:cd:90:e0:50;-72|eduroam;24:f2:7f:ac:d4:51;-80|DCU-Guest-WiFi;24:f2:7f:ac:d4:50;-79|
LG25,1676396617,"eduroam",70:3a:0e:62:d7:31,-66,DCU-Guest-WiFi;70:3a:0e:62:e0:40;-59|eduroam;70:3a:0e:62:e0:41;-60|DCU-Guest-WiFi;70:3a:0e:62:e0:50;-60|eduroam;70:3a:0e:62:e0:51;-61|eduroam;cc:88:c7:80:7e:50;-91|DCU-Guest-WiFi;24:f2:7f:ac:d4:f0;-71|DCU-Guest-WiFi;cc:88:c7:80:7e:53;-91|eduroam;24:f2:7f:ac:d4:f1;-71|eduroam;24:f2:7f:ac:d7:71;-88|DCU-Guest-WiFi;24:f2:7f:ac:d7:70;-87|DCU-Guest-WiFi;24:f2:7f:ac:d1:20;-50|eduroam;24:f2:7f:ac:d1:21;-51|DCU-Guest-WiFi;70:3a:0e:62:d7:20;-68|eduroam;70:3a:0e:62:d7:21;-68|eduroam;20:a6:cd:90:e0:51;-72|eduroam;24:f2:7f:ac:d1:31;-47|eduroam;70:3a:0e:62:d7:31;-66|DCU-Guest-WiFi;70:3a:0e:62:d7:30;-68|DCU-Guest-WiFi;24:f2:7f:ac:d1:30;-47|DCU-Guest-WiFi;20:a6:cd:90:e0:50;-72|eduroam;24:f2:7f:ac:d4:51;-79|DCU-Guest-WiFi;24:f2:7f:ac:d4:50;-80|DCU-Guest-WiFi;20:a6:cd:90:e0:40;-71|eduroam;20:a6:cd:90:e0:41;-69|
LG25,1676396647,"eduroam",70:3a:0e:62:d7:31,-66,DCU-Guest-WiFi;70:3a:0e:62:e0:40;-64|eduroam;70:3a:0e:62:e0:41;-63|DCU-Guest-WiFi;70:3a:0e:62:e0:50;-64|eduroam;70:3a:0e:62:e0:51;-64|DCU-Guest-WiFi;cc:88:c7:80:7e:43;-78|DCU-Guest-WiFi;24:f2:7f:ac:d4:40;-78|eduroam;cc:88:c7:80:7e:50;-86|DCU-Guest-WiFi;24:f2:7f:ac:d4:f0;-69|DCU-Guest-WiFi;cc:88:c7:80:7e:53;-86|eduroam;24:f2:7f:ac:d4:f1;-70|eduroam;24:f2:7f:ac:d7:71;-88|DCU-Guest-WiFi;24:f2:7f:ac:d7:70;-87|DCU-Guest-WiFi;24:f2:7f:ac:d1:20;-53|eduroam;24:f2:7f:ac:d1:21;-54|eduroam;20:a6:cd:90:e0:51;-74|eduroam;24:f2:7f:ac:d1:31;-49|eduroam;70:3a:0e:62:d7:31;-65|DCU-Guest-WiFi;70:3a:0e:62:d7:30;-66|DCU-Guest-WiFi;24:f2:7f:ac:d1:30;-49|DCU-Guest-WiFi;20:a6:cd:90:e0:50;-73|DCU-Guest-WiFi;20:a6:cd:90:e0:40;-70|eduroam;20:a6:cd:90:e0:41;-71|
LG25,1676396677,"eduroam",70:3a:0e:62:d7:31,-66,DCU-Guest-WiFi;70:3a:0e:62:e0:40;-61|eduroam;70:3a:0e:62:e0:41;-60|DCU-Guest-WiFi;70:3a:0e:62:e0:50;-49|eduroam;70:3a:0e:62:e0:51;-49|eduroam;cc:88:c7:80:7e:50;-77|DCU-Guest-WiFi;24:f2:7f:ac:d4:f0;-64|DCU-Guest-WiFi;cc:88:c7:80:7e:53;-77|eduroam;24:f2:7f:ac:d4:f1;-63|eduroam;24:f2:7f:ac:d7:71;-78|DCU-Guest-WiFi;24:f2:7f:ac:d7:70;-79|DCU-Guest-WiFi;24:f2:7f:ac:d1:20;-46|eduroam;24:f2:7f:ac:d1:21;-45|DCU-Guest-WiFi;70:3a:0e:62:d7:20;-68|eduroam;70:3a:0e:62:d7:21;-72|eduroam;20:a6:cd:90:e0:51;-65|eduroam;24:f2:7f:ac:d1:31;-44|eduroam;70:3a:0e:62:d7:31;-59|DCU-Guest-WiFi;70:3a:0e:62:d7:30;-63|DCU-Guest-WiFi;24:f2:7f:ac:d1:30;-44|DCU-Guest-WiFi;20:a6:cd:90:e0:50;-65|eduroam;24:f2:7f:ac:d4:51;-66|DCU-Guest-WiFi;24:f2:7f:ac:d4:50;-66|DCU-Guest-WiFi;20:a6:cd:90:e0:40;-70|eduroam;20:a6:cd:90:e0:41;-65|
LG25,1676396707,"eduroam",70:3a:0e:62:d7:31,-66,DCU-Guest-WiFi;70:3a:0e:62:e0:40;-40|eduroam;70:3a:0e:62:e0:41;-49|DCU-Guest-WiFi;70:3a:0e:62:e0:50;-43|eduroam;70:3a:0e:62:e0:51;-43|eduroam;24:f2:7f:ac:d4:e1;-61|eduroam;cc:88:c7:80:7e:40;-67|DCU-Guest-WiFi;24:f2:7f:ac:d4:e0;-62|eduroam;cc:88:c7:80:7e:50;-78|DCU-Guest-WiFi;24:f2:7f:ac:d4:f0;-68|DCU-Guest-WiFi;cc:88:c7:80:7e:53;-78|eduroam;24:f2:7f:ac:d4:f1;-68|eduroam;24:f2:7f:ac:d7:71;-83|DCU-Guest-WiFi;24:f2:7f:ac:d7:70;-84|DCU-Guest-WiFi;24:f2:7f:ac:d1:20;-59|eduroam;24:f2:7f:ac:d1:21;-60|DCU-Guest-WiFi;70:3a:0e:62:d7:20;-68|eduroam;20:a6:cd:90:e0:51;-65|eduroam;24:f2:7f:ac:d1:31;-49|eduroam;70:3a:0e:62:d7:31;-64|DCU-Guest-WiFi;70:3a:0e:62:d7:30;-65|DCU-Guest-WiFi;24:f2:7f:ac:d1:30;-49|DCU-Guest-WiFi;20:a6:cd:90:e0:50;-65|eduroam;24:f2:7f:ac:d4:51;-74|DCU-Guest-WiFi;24:f2:7f:ac:d4:50;-74|DCU-Guest-WiFi;20:a6:cd:90:e0:40;-63|eduroam;20:a6:cd:90:e0:41;-65|
LG25,1676396737,"eduroam",70:3a:0e:62:d7:31,-66,DCU-Guest-WiFi;70:3a:0e:62:e0:40;-46|eduroam;70:3a:0e:62:e0:41;-46|DCU-Guest-WiFi;70:3a:0e:62:e0:50;-43|eduroam;70:3a:0e:62:e0:51;-43|DCU-Guest-WiFi;cc:88:c7:80:7e:43;-68|eduroam;24:f2:7f:ac:d4:e1;-65|eduroam;cc:88:c7:80:7e:40;-70|DCU-Guest-WiFi;24:f2:7f:ac:d4:e0;-58|eduroam;cc:88:c7:80:7e:50;-79|DCU-Guest-WiFi;24:f2:7f:ac:d4:f0;-69|DCU-Guest-WiFi;cc:88:c7:80:7e:53;-79|eduroam;24:f2:7f:ac:d4:f1;-70|eduroam;24:f2:7f:ac:d7:71;-83|DCU-Guest-WiFi;24:f2:7f:ac:d7:70;-84|DCU-Guest-WiFi;24:f2:7f:ac:d1:20;-58|eduroam;24:f2:7f:ac:d1:21;-58|eduroam;70:3a:0e:62:d7:21;-68|eduroam;20:a6:cd:90:e0:51;-66|eduroam;24:f2:7f:ac:d1:31;-50|eduroam;70:3a:0e:62:d7:31;-64|DCU-Guest-WiFi;70:3a:0e:62:d7:30;-65|DCU-Guest-WiFi;24:f2:7f:ac:d1:30;-49|DCU-Guest-WiFi;20:a6:cd:90:e0:50;-66|eduroam;24:f2:7f:ac:d4:51;-74|DCU-Guest-WiFi;24:f2:7f:ac:d4:50;-74|
LG25,1676396767,"eduroam",70:3a:0e:62:d7:31,-66,DCU-Guest-WiFi;70:3a:0e:62:e0:40;-47|eduroam;70:3a:0e:62:e0:41;-48|DCU-Guest-WiFi;70:3a:0e:62:e0:50;-43|eduroam;70:3a:0e:62:e0:51;-43|DCU-Guest-WiFi;cc:88:c7:80:7e:43;-69|eduroam;cc:88:c7:80:7e:40;-70|eduroam;cc:88:c7:80:7e:50;-78|DCU-Guest-WiFi;24:f2:7f:ac:d4:f0;-69|DCU-Guest-WiFi;cc:88:c7:80:7e:53;-78|eduroam;24:f2:7f:ac:d4:f1;-69|eduroam;24:f2:7f:ac:d7:71;-84|DCU-Guest-WiFi;24:f2:7f:ac:d7:70;-84|DCU-Guest-WiFi;24:f2:7f:ac:d1:20;-58|eduroam;24:f2:7f:ac:d1:21;-50|DCU-Guest-WiFi;70:3a:0e:62:d7:20;-73|eduroam;70:3a:0e:62:d7:21;-74|eduroam;20:a6:cd:90:e0:51;-66|eduroam;24:f2:7f:ac:d1:31;-50|eduroam;70:3a:0e:62:d7:31;-64|DCU-Guest-WiFi;70:3a:0e:62:d7:30;-65|DCU-Guest-WiFi;24:f2:7f:ac:d1:30;-50|DCU-Guest-WiFi;20:a6:cd:90:e0:50;-66|eduroam;24:f2:7f:ac:d4:51;-73|DCU-Guest-WiFi;24:f2:7f:ac:d4:50;-73|DCU-Guest-WiFi;20:a6:cd:90:e0:40;-66|eduroam;20:a6:cd:90:e0:41;-66|
LG25,1676396797,"eduroam",70:3a:0e:62:d7:31,-66,DCU-Guest-WiFi;70:3a:0e:62:e0:40;-46|eduroam;70:3a:0e:62:e0:41;-50|DCU-Guest-WiFi;70:3a:0e:62:e0:50;-43|eduroam;70:3a:0e:62:e0:51;-43|eduroam;24:f2:7f:ac:d4:e1;-63|eduroam;cc:88:c7:80:7e:40;-69|DCU-Guest-WiFi;24:f2:7f:ac:d4:e0;-61|eduroam;cc:88:c7:80:7e:50;-80|DCU-Guest-WiFi;24:f2:7f:ac:d4:f0;-68|DCU-Guest-WiFi;cc:88:c7:80:7e:53;-79|eduroam;24:f2:7f:ac:d4:f1;-69|eduroam;24:f2:7f:ac:d7:71;-82|DCU-Guest-WiFi;24:f2:7f:ac:d7:70;-83|DCU-Guest-WiFi;24:f2:7f:ac:d1:20;-59|eduroam;24:f2:7f:ac:d1:21;-56|eduroam;20:a6:cd:90:e0:51;-65|eduroam;24:f2:7f:ac:d1:31;-49|eduroam;70:3a:0e:62:d7:31;-64|DCU-Guest-WiFi;70:3a:0e:62:d7:30;-66|DCU-Guest-WiFi;24:f2:7f:ac:d1:30;-49|DCU-Guest-WiFi;20:a6:cd:90:e0:50;-66|eduroam;24:f2:7f:ac:d4:51;-73|DCU-Guest-WiFi;24:f2:7f:ac:d4:50;-73|eduroam;20:a6:cd:90:e0:41;-66|
LG25,1676396832,"eduroam",70:3a:0e:62:d7:31,-53,DCU-Guest-WiFi;70:3a:0e:62:e0:40;-47|eduroam;70:3a:0e:62:e0:41;-47|DCU-Guest-WiFi;70:3a:0e:62:e0:50;-43|eduroam;70:3a:0e:62:e0:51;-43|eduroam;cc:88:c7:80:7e:40;-66|DCU-Guest-WiFi;24:f2:7f:ac:d4:40;-75|eduroam;cc:88:c7:80:7e:50;-79|DCU-Guest-WiFi;24:f2:7f:ac:d4:f0;-69|DCU-Guest-WiFi;cc:88:c7:80:7e:53;-79|eduroam;24:f2:7f:ac:d4:f1;-69|DCU-Guest-WiFi;24:f2:7f:ac:d7:60;-85|eduroam;24:f2:7f:ac:d7:71;-83|DCU-Guest-WiFi;24:f2:7f:ac:d7:70;-84|DCU-Guest-WiFi;24:f2:7f:ac:d1:20;-58|eduroam;24:f2:7f:ac:d1:21;-59|DCU-Guest-WiFi;70:3a:0e:62:d7:20;-73|eduroam;20:a6:cd:90:e0:51;-65|eduroam;24:f2:7f:ac:d1:31;-49|eduroam;70:3a:0e:62:d7:31;-64|DCU-Guest-WiFi;70:3a:0e:62:d7:30;-66|DCU-Guest-WiFi;24:f2:7f:ac:d1:30;-49|DCU-Guest-WiFi;20:a6:cd:90:e0:50;-66|eduroam;24:f2:7f:ac:d4:51;-73|DCU-Guest-WiFi;24:f2:7f:ac:d4:50;-73|DCU-Guest-WiFi;20:a6:cd:90:e0:40;-65|eduroam;20:a6:cd:90:e0:41;-65|
LG25,1676396863,"eduroam",70:3a:0e:62:d7:31,-53,DCU-Guest-WiFi;70:3a:0e:62:e0:40;-54|eduroam;70:3a:0e:62:e0:41;-53|DCU-Guest-WiFi;70:3a:0e:62:e0:50;-50|eduroam;70:3a:0e:62:e0:51;-50|DCU-Guest-WiFi;24:f2:7f:ac:d4:e0;-61|eduroam;cc:88:c7:80:7e:50;-73|DCU-Guest-WiFi;24:f2:7f:ac:d4:f0;-66|DCU-Guest-WiFi;cc:88:c7:80:7e:53;-72|eduroam;24:f2:7f:ac:d4:f1;-66|eduroam;24:f2:7f:ac:d7:71;-85|DCU-Guest-WiFi;24:f2:7f:ac:d7:70;-85|DCU-Guest-WiFi;24:f2:7f:ac:d1:20;-61|eduroam;24:f2:7f:ac:d1:21;-56|DCU-Guest-WiFi;70:3a:0e:62:d7:20;-56|eduroam;70:3a:0e:62:d7:21;-55|eduroam;20:a6:cd:90:e0:51;-56|eduroam;24:f2:7f:ac:d1:31;-58|eduroam;70:3a:0e:62:d7:31;-57|DCU-Guest-WiFi;70:3a:0e:62:d7:30;-55|DCU-Guest-WiFi;24:f2:7f:ac:d1:30;-58|DCU-Guest-WiFi;20:a6:cd:90:e0:50;-55|eduroam;24:f2:7f:ac:d4:51;-75|DCU-Guest-WiFi;24:f2:7f:ac:d4:50;-74|DCU-Guest-WiFi;20:a6:cd:90:e0:40;-48|eduroam;20:a6:cd:90:e0:41;-48|
LG25,1676396893,"eduroam",70:3a:0e:62:d7:31,-53,DCU-Guest-WiFi;70:3a:0e:62:e0:40;-48|eduroam;70:3a:0e:62:e0:41;-44|DCU-Guest-WiFi;70:3a:0e:62:e0:50;-51|eduroam;70:3a:0e:62:e0:51;-51|DCU-Guest-WiFi;24:f2:7f:ac:d4:e0;-66|eduroam;24:f2:7f:ac:d4:41;-57|eduroam;cc:88:c7:80:7e:50;-72|DCU-Guest-WiFi;24:f2:7f:ac:d4:f0;-66|DCU-Guest-WiFi;cc:88:c7:80:7e:53;-72|eduroam;24:f2:7f:ac:d4:f1;-66|eduroam;24:f2:7f:ac:d7:71;-86|DCU-Guest-WiFi;24:f2:7f:ac:d7:70;-86|DCU-Guest-WiFi;24:f2:7f:ac:d1:20;-61|eduroam;24:f2:7f:ac:d1:21;-60|DCU-Guest-WiFi;70:3a:0e:62:d7:20;-58|eduroam;70:3a:0e:62:d7:21;-54|eduroam;20:a6:cd:90:e0:51;-56|eduroam;24:f2:7f:ac:d1:31;-57|eduroam;70:3a:0e:62:d7:31;-56|DCU-Guest-WiFi;70:3a:0e:62:d7:30;-57|DCU-Guest-WiFi;24:f2:7f:ac:d1:30;-57|DCU-Guest-WiFi;20:a6:cd:90:e0:50;-56|eduroam;24:f2:7f:ac:d4:51;-77|DCU-Guest-WiFi;24:f2:7f:ac:d4:50;-78|eduroam;20:a6:cd:90:e0:41;-68|
LG25,1676396982,"eduroam",70:3a:0e:62:d7:31,-55,DCU-Guest-WiFi;70:3a:0e:62:e0:40;-50|eduroam;70:3a:0e:62:e0:41;-49|DCU-Guest-WiFi;70:3a:0e:62:e0:50;-52|eduroam;70:3a:0e:62:e0:51;-52|eduroam;24:f2:7f:ac:d4:e1;-61|DCU-Guest-WiFi;24:f2:7f:ac:d4:e0;-63|DCU-Guest-WiFi;24:f2:7f:ac:d4:40;-69|eduroam;cc:88:c7:80:7e:50;-71|DCU-Guest-WiFi;24:f2:7f:ac:d4:f0;-66|DCU-Guest-WiFi;cc:88:c7:80:7e:53;-71|eduroam;24:f2:7f:ac:d4:f1;-65|eduroam;24:f2:7f:ac:d7:71;-85|DCU-Guest-WiFi;24:f2:7f:ac:d7:70;-85|DCU-Guest-WiFi;24:f2:7f:ac:d1:20;-64|eduroam;24:f2:7f:ac:d1:21;-63|eduroam;20:a6:cd:90:e0:51;-55|eduroam;24:f2:7f:ac:d1:31;-56|eduroam;70:3a:0e:62:d7:31;-58|DCU-Guest-WiFi;70:3a:0e:62:d7:30;-59|DCU-Guest-WiFi;24:f2:7f:ac:d1:30;-56|DCU-Guest-WiFi;20:a6:cd:90:e0:50;-55|eduroam;24:f2:7f:ac:d4:51;-74|DCU-Guest-WiFi;24:f2:7f:ac:d4:50;-75|DCU-Guest-WiFi;20:a6:cd:90:e0:40;-68|eduroam;20:a6:cd:90:e0:41;-67|
LG25,1676397012,"eduroam",70:3a:0e:62:d7:31,-55,DCU-Guest-WiFi;70:3a:0e:62:e0:40;-50|eduroam;70:3a:0e:62:e0:41;-51|DCU-Guest-WiFi;70:3a:0e:62:e0:50;-51|eduroam;70:3a:0e:62:e0:51;-51|eduroam;24:f2:7f:ac:d4:e1;-56|eduroam;cc:88:c7:80:7e:40;-63|eduroam;24:f2:7f:ac:d4:41;-75|DCU-Guest-WiFi;24:f2:7f:ac:d4:40;-70|eduroam;cc:88:c7:80:7e:50;-68|DCU-Guest-WiFi;24:f2:7f:ac:d4:f0;-63|DCU-Guest-WiFi;cc:88:c7:80:7e:53;-68|eduroam;24:f2:7f:ac:d4:f1;-64|DCU-Guest-WiFi;c8:b5:ad:ca:8c:20;-88|eduroam;24:f2:7f:ac:d7:71;-85|DCU-Guest-WiFi;24:f2:7f:ac:d7:70;-86|DCU-Guest-WiFi;24:f2:7f:ac:d1:20;-57|DCU-Guest-WiFi;70:3a:0e:62:d7:20;-59|eduroam;20:a6:cd:90:e0:51;-61|eduroam;24:f2:7f:ac:d1:31;-56|eduroam;70:3a:0e:62:d7:31;-60|DCU-Guest-WiFi;70:3a:0e:62:d7:30;-54|DCU-Guest-WiFi;24:f2:7f:ac:d1:30;-56|DCU-Guest-WiFi;20:a6:cd:90:e0:50;-61|eduroam;24:f2:7f:ac:d4:51;-73|DCU-Guest-WiFi;24:f2:7f:ac:d4:50;-74|DCU-Guest-WiFi;20:a6:cd:90:e0:40;-55|eduroam;20:a6:cd:90:e0:41;-55|
LG25,1676397042,"eduroam",70:3a:0e:62:d7:31,-55,DCU-Guest-WiFi;70:3a:0e:62:e0:50;-53|eduroam;70:3a:0e:62:e0:51;-52|eduroam;24:f2:7f:ac:d4:e1;-59|DCU-Guest-WiFi;24:f2:7f:ac:d4:e0;-58|eduroam;cc:88:c7:80:7e:50;-80|DCU-Guest-WiFi;24:f2:7f:ac:d4:f0;-62|DCU-Guest-WiFi;cc:88:c7:80:7e:53;-79|eduroam;24:f2:7f:ac:d4:f1;-64|eduroam;24:f2:7f:ac:d7:71;-82|DCU-Guest-WiFi;24:f2:7f:ac:d7:70;-82|DCU-Guest-WiFi;70:3a:0e:62:d7:20;-64|eduroam;70:3a:0e:62:d7:21;-64|eduroam;20:a6:cd:90:e0:51;-65|eduroam;24:f2:7f:ac:d1:31;-49|eduroam;70:3a:0e:62:d7:31;-63|DCU-Guest-WiFi;70:3a:0e:62:d7:30;-59|DCU-Guest-WiFi;24:f2:7f:ac:d1:30;-48|DCU-Guest-WiFi;20:a6:cd:90:e0:50;-64|eduroam;24:f2:7f:ac:d4:51;-65|DCU-Guest-WiFi;24:f2:7f:ac:d4:50;-65|eduroam;20:a6:cd:90:e0:41;-68|
LG25,1676397072,"eduroam",70:3a:0e:62:d7:31,-55,DCU-Guest-WiFi;70:3a:0e:62:e0:40;-54|eduroam;70:3a:0e:62:e0:41;-53|DCU-Guest-WiFi;70:3a:0e:62:e0:50;-59|eduroam;70:3a:0e:62:e0:51;-58|eduroam;24:f2:7f:ac:d4:e1;-58|eduroam;24:f2:7f:ac:d4:41;-70|eduroam;cc:88:c7:80:7e:50;-76|DCU-Guest-WiFi;24:f2:7f:ac:d4:f0;-57|DCU-Guest-WiFi;cc:88:c7:80:7e:53;-76|eduroam;24:f2:7f:ac:d4:f1;-58|eduroam;24:f2:7f:ac:d7:71;-83|DCU-Guest-WiFi;24:f2:7f:ac:d7:70;-83|DCU-Guest-WiFi;24:f2:7f:ac:d1:20;-64|eduroam;24:f2:7f:ac:d1:21;-63|DCU-Guest-WiFi;70:3a:0e:62:d7:20;-72|eduroam;70:3a:0e:62:d7:21;-69|eduroam;20:a6:cd:90:e0:51;-70|eduroam;24:f2:7f:ac:d1:31;-49|eduroam;70:3a:0e:62:d7:31;-66|DCU-Guest-WiFi;70:3a:0e:62:d7:30;-68|DCU-Guest-WiFi;24:f2:7f:ac:d1:30;-49|DCU-Guest-WiFi;20:a6:cd:90:e0:50;-71|eduroam;24:f2:7f:ac:d4:51;-71|DCU-Guest-WiFi;24:f2:7f:ac:d4:50;-71|
LG25,1676397102,"eduroam",70:3a:0e:62:d7:31,-55,DCU-Guest-WiFi;70:3a:0e:62:e0:40;-62|DCU-Guest-WiFi;70:3a:0e:62:e0:50;-58|eduroam;70:3a:0e:62:e0:51;-58|eduroam;cc:88:c7:80:7e:40;-70|eduroam;cc:88:c7:80:7e:50;-76|DCU-Guest-WiFi;24:f2:7f:ac:d4:f0;-58|DCU-Guest-WiFi;cc:88:c7:80:7e:53;-75|eduroam;24:f2:7f:ac:d4:f1;-58|eduroam;24:f2:7f:ac:d7:71;-82|DCU-Guest-WiFi;24:f2:7f:ac:d7:70;-84|DCU-Guest-WiFi;24:f2:7f:ac:d1:20;-59|DCU-Guest-WiFi;70:3a:0e:62:d7:20;-70|eduroam;70:3a:0e:62:d7:21;-72|eduroam;20:a6:cd:90:e0:51;-70|eduroam;24:f2:7f:ac:d1:31;-50|eduroam;70:3a:0e:62:d7:31;-66|DCU-Guest-WiFi;70:3a:0e:62:d7:30;-67|DCU-Guest-WiFi;24:f2:7f:ac:d1:30;-50|DCU-Guest-WiFi;20:a6:cd:90:e0:50;-70|eduroam;24:f2:7f:ac:d4:51;-70|DCU-Guest-WiFi;24:f2:7f:ac:d4:50;-70|
LG25,1676397132,"eduroam",70:3a:0e:62:d7:31,-55,DCU-Guest-WiFi;70:3a:0e:62:e0:40;-62|eduroam;70:3a:0e:62:e0:41;-62|DCU-Guest-WiFi;70:3a:0e:62:e0:50;-59|eduroam;70:3a:0e:62:e0:51;-59|eduroam;24:f2:7f:ac:d4:e1;-59|DCU-Guest-WiFi;24:f2:7f:ac:d4:e0;-59|eduroam;cc:88:c7:80:7e:50;-77|DCU-Guest-WiFi;24:f2:7f:ac:d4:f0;-59|DCU-Guest-WiFi;cc:88:c7:80:7e:53;-77|eduroam;24:f2:7f:ac:d4:f1;-60|eduroam;24:f2:7f:ac:d7:71;-82|DCU-Guest-WiFi;24:f2:7f:ac:d7:70;-83|DCU-Guest-WiFi;24:f2:7f:ac:d1:20;-66|DCU-Guest-WiFi;70:3a:0e:62:d7:20;-72|eduroam;70:3a:0e:62:d7:21;-70|eduroam;20:a6:cd:90:e0:51;-68|eduroam;24:f2:7f:ac:d1:31;-50|eduroam;70:3a:0e:62:d7:31;-66|DCU-Guest-WiFi;70:3a:0e:62:d7:30;-68|DCU-Guest-WiFi;24:f2:7f:ac:d1:30;-50|DCU-Guest-WiFi;20:a6:cd:90:e0:50;-69|eduroam;24:f2:7f:ac:d4:51;-69|DCU-Guest-WiFi;24:f2:7f:ac:d4:50;-69|DCU-Guest-WiFi;20:a6:cd:90:e0:40;-77|eduroam;20:a6:cd:90:e0:41;-68|DCU-Guest-WiFi;c8:b5:ad:4e:b3:20;-86|
LG25,1676397162,"eduroam",70:3a:0e:62:d7:31,-55,DCU-Guest-WiFi;70:3a:0e:62:e0:40;-62|eduroam;70:3a:0e:62:e0:41;-60|DCU-Guest-WiFi;70:3a:0e:62:e0:50;-57|eduroam;70:3a:0e:62:e0:51;-57|eduroam;24:f2:7f:ac:d4:e1;-58|DCU-Guest-WiFi;24:f2:7f:ac:d4:e0;-58|DCU-Guest-WiFi;24:f2:7f:ac:d4:40;-71|eduroam;cc:88:c7:80:7e:50;-78|DCU-Guest-WiFi;24:f2:7f:ac:d4:f0;-58|DCU-Guest-WiFi;cc:88:c7:80:7e:53;-78|eduroam;24:f2:7f:ac:d4:f1;-58|eduroam;24:f2:7f:ac:d7:71;-83|DCU-Guest-WiFi;24:f2:7f:ac:d7:70;-82|DCU-Guest-WiFi;24:f2:7f:ac:d1:20;-67|eduroam;24:f2:7f:ac:d1:21;-66|DCU-Guest-WiFi;70:3a:0e:62:d7:20;-72|eduroam;70:3a:0e:62:d7:21;-72|eduroam;20:a6:cd:90:e0:51;-68|eduroam;24:f2:7f:ac:d1:31;-49|eduroam;70:3a:0e:62:d7:31;-67|DCU-Guest-WiFi;c8:b5:ad:ca:75:40;-76|DCU-Guest-WiFi;70:3a:0e:62:d7:30;-69|DCU-Guest-WiFi;24:f2:7f:ac:d1:30;-48|DCU-Guest-WiFi;20:a6:cd:90:e0:50;-69|eduroam;24:f2:7f:ac:d4:51;-71|DCU-Guest-WiFi;24:f2:7f:ac:d4:50;-70|DCU-Guest-WiFi;20:a6:cd:90:e0:40;-78|
LG25,1676397193,"eduroam",70:3a:0e:62:d7:31,-55,DCU-Guest-WiFi;70:3a:0e:62:e0:40;-60|eduroam;70:3a:0e:62:e0:41;-60|DCU-Guest-WiFi;70:3a:0e:62:e0:50;-58|eduroam;70:3a:0e:62:e0:51;-58|eduroam;24:f2:7f:ac:d4:e1;-58|DCU-Guest-WiFi;24:f2:7f:ac:d4:e0;-57|eduroam;cc:88:c7:80:7e:50;-78|DCU-Guest-WiFi;24:f2:7f:ac:d4:f0;-58|DCU-Guest-WiFi;cc:88:c7:80:7e:53;-77|eduroam;24:f2:7f:ac:d4:f1;-58|eduroam;24:f2:7f:ac:d7:71;-83|DCU-Guest-WiFi;24:f2:7f:ac:d7:70;-83|DCU-Guest-WiFi;24:f2:7f:ac:d1:20;-65|eduroam;24:f2:7f:ac:d1:21;-66|DCU-Guest-WiFi;70:3a:0e:62:d7:20;-72|eduroam;20:a6:cd:90:e0:51;-69|eduroam;24:f2:7f:ac:d1:31;-48|eduroam;70:3a:0e:62:d7:31;-68|DCU-Guest-WiFi;70:3a:0e:62:d7:30;-69|DCU-Guest-WiFi;24:f2:7f:ac:d1:30;-49|DCU-Guest-WiFi;20:a6:cd:90:e0:50;-69|eduroam;24:f2:7f:ac:d4:51;-71|DCU-Guest-WiFi;24:f2:7f:ac:d4:50;-71|DCU-Guest-WiFi;20:a6:cd:90:e0:40;-76|eduroam;20:a6:cd:90:e0:41;-78|
LG25,1676397253,"eduroam",70:3a:0e:62:d7:31,-55,DCU-Guest-WiFi;70:3a:0e:62:e0:40;-57|eduroam;70:3a:0e:62:e0:41;-58|DCU-Guest-WiFi;70:3a:0e:62:e0:50;-59|eduroam;70:3a:0e:62:e0:51;-59|DCU-Guest-WiFi;24:f2:7f:ac:d4:e0;-58|eduroam;cc:88:c7:80:7e:50;-78|DCU-Guest-WiFi;24:f2:7f:ac:d4:f0;-59|DCU-Guest-WiFi;cc:88:c7:80:7e:53;-78|eduroam;24:f2:7f:ac:d4:f1;-59|eduroam;c8:b5:ad:ca:8c:21;-78|eduroam;24:f2:7f:ac:d7:71;-82|DCU-Guest-WiFi;24:f2:7f:ac:d7:70;-83|DCU-Guest-WiFi;24:f2:7f:ac:d1:20;-62|eduroam;24:f2:7f:ac:d1:21;-63|DCU-Guest-WiFi;70:3a:0e:62:d7:20;-71|eduroam;20:a6:cd:90:e0:51;-71|eduroam;24:f2:7f:ac:d1:31;-48|eduroam;c8:b5:ad:ca:86:e0;-85|eduroam;70:3a:0e:62:d7:31;-67|DCU-Guest-WiFi;70:3a:0e:62:d7:30;-69|DCU-Guest-WiFi;24:f2:7f:ac:d1:30;-49|DCU-Guest-WiFi;20:a6:cd:90:e0:50;-71|eduroam;24:f2:7f:ac:d4:51;-69|DCU-Guest-WiFi;24:f2:7f:ac:d4:50;-70|
LG25,1676397283,"eduroam",70:3a:0e:62:d7:31,-55,DCU-Guest-WiFi;70:3a:0e:62:e0:40;-62|eduroam;70:3a:0e:62:e0:41;-62|DCU-Guest-WiFi;70:3a:0e:62:e0:50;-59|eduroam;70:3a:0e:62:e0:51;-58|eduroam;24:f2:7f:ac:d4:e1;-56|DCU-Guest-WiFi;24:f2:7f:ac:d4:e0;-57|eduroam;cc:88:c7:80:7e:50;-76|DCU-Guest-WiFi;24:f2:7f:ac:d4:f0;-58|DCU-Guest-WiFi;cc:88:c7:80:7e:53;-77|eduroam;24:f2:7f:ac:d4:f1;-57|eduroam;24:f2:7f:ac:d7:71;-85|DCU-Guest-WiFi;24:f2:7f:ac:d7:70;-85|DCU-Guest-WiFi;24:f2:7f:ac:d1:20;-65|eduroam;24:f2:7f:ac:d1:21;-65|eduroam;70:3a:0e:62:d7:21;-70|eduroam;20:a6:cd:90:e0:51;-67|eduroam;24:f2:7f:ac:d1:31;-50|eduroam;70:3a:0e:62:d7:31;-66|DCU-Guest-WiFi;70:3a:0e:62:d7:30;-67|DCU-Guest-WiFi;24:f2:7f:ac:d1:30;-50|DCU-Guest-WiFi;20:a6:cd:90:e0:50;-67|eduroam;24:f2:7f:ac:d4:51;-70|DCU-Guest-WiFi;24:f2:7f:ac:d4:50;-70|eduroam;20:a6:cd:90:e0:41;-72|DCU-Guest-WiFi;c8:b5:ad:4e:b3:20;-75|
LG25,1676397313,"eduroam",70:3a:0e:62:d7:31,-55,DCU-Guest-WiFi;70:3a:0e:62:e0:40;-62|eduroam;70:3a:0e:62:e0:41;-61|DCU-Guest-WiFi;70:3a:0e:62:e0:50;-59|eduroam;70:3a:0e:62:e0:51;-60|eduroam;24:f2:7f:ac:d4:e1;-58|DCU-Guest-WiFi;24:f2:7f:ac:d4:e0;-58|eduroam;24:f2:7f:ac:d4:41;-74|eduroam;cc:88:c7:80:7e:50;-76|DCU-Guest-WiFi;24:f2:7f:ac:d4:f0;-58|DCU-Guest-WiFi;cc:88:c7:80:7e:53;-76|eduroam;24:f2:7f:ac:d4:f1;-58|eduroam;24:f2:7f:ac:d7:71;-83|DCU-Guest-WiFi;24:f2:7f:ac:d7:70;-84|DCU-Guest-WiFi;24:f2:7f:ac:d1:20;-65|eduroam;24:f2:7f:ac:d1:21;-65|DCU-Guest-WiFi;70:3a:0e:62:d7:20;-69|eduroam;20:a6:cd:90:e0:51;-68|eduroam;24:f2:7f:ac:d1:31;-50|eduroam;70:3a:0e:62:d7:31;-67|DCU-Guest-WiFi;70:3a:0e:62:d7:30;-67|DCU-Guest-WiFi;24:f2:7f:ac:d1:30;-50|DCU-Guest-WiFi;20:a6:cd:90:e0:50;-68|eduroam;24:f2:7f:ac:d4:51;-70|DCU-Guest-WiFi;24:f2:7f:ac:d4:50;-70|DCU-Guest-WiFi;20:a6:cd:90:e0:40;-79|eduroam;20:a6:cd:90:e0:41;-78|DCU-Guest-WiFi;c8:b5:ad:4e:b3:20;-75|
LG25,1676397343,"eduroam",70:3a:0e:62:d7:31,-55,DCU-Guest-WiFi;70:3a:0e:62:e0:40;-59|eduroam;70:3a:0e:62:e0:41;-59|DCU-Guest-WiFi;70:3a:0e:62:e0:50;-58|eduroam;70:3a:0e:62:e0:51;-58|eduroam;24:f2:7f:ac:d4:e1;-58|DCU-Guest-WiFi;24:f2:7f:ac:d4:e0;-52|eduroam;cc:88:c7:80:7e:50;-78|DCU-Guest-WiFi;24:f2:7f:ac:d4:f0;-59|DCU-Guest-WiFi;cc:88:c7:80:7e:53;-77|eduroam;24:f2:7f:ac:d4:f1;-59|eduroam;24:f2:7f:ac:d7:71;-82|DCU-Guest-WiFi;24:f2:7f:ac:d7:70;-82|eduroam;24:f2:7f:ac:d1:21;-66|DCU-Guest-WiFi;70:3a:0e:62:d7:20;-70|eduroam;70:3a:0e:62:d7:21;-70|eduroam;20:a6:cd:90:e0:51;-69|eduroam;24:f2:7f:ac:d1:31;-50|eduroam;70:3a:0e:62:d7:31;-66|DCU-Guest-WiFi;70:3a:0e:62:d7:30;-68|DCU-Guest-WiFi;24:f2:7f:ac:d1:30;-50|DCU-Guest-WiFi;20:a6:cd:90:e0:50;-69|eduroam;24:f2:7f:ac:d4:51;-68|DCU-Guest-WiFi;24:f2:7f:ac:d4:50;-69|
LG25,1676397373,"eduroam",70:3a:0e:62:d7:31,-55,DCU-Guest-WiFi;70:3a:0e:62:e0:40;-58|eduroam;70:3a:0e:62:e0:41;-59|DCU-Guest-WiFi;70:3a:0e:62:e0:50;-57|eduroam;70:3a:0e:62:e0:51;-57|eduroam;24:f2:7f:ac:d4:e1;-57|DCU-Guest-WiFi;24:f2:7f:ac:d4:e0;-57|eduroam;cc:88:c7:80:7e:50;-77|DCU-Guest-WiFi;24:f2:7f:ac:d4:f0;-59|DCU-Guest-WiFi;cc:88:c7:80:7e:53;-77|eduroam;24:f2:7f:ac:d4:f1;-59|eduroam;24:f2:7f:ac:d7:71;-83|DCU-Guest-WiFi;24:f2:7f:ac:d7:70;-82|DCU-Guest-WiFi;24:f2:7f:ac:d1:20;-63|eduroam;24:f2:7f:ac:d1:21;-64|DCU-Guest-WiFi;70:3a:0e:62:d7:20;-70|eduroam;70:3a:0e:62:d7:21;-72|eduroam;20:a6:cd:90:e0:51;-69|eduroam;24:f2:7f:ac:d1:31;-51|eduroam;70:3a:0e:62:d7:31;-67|DCU-Guest-WiFi;70:3a:0e:62:d7:30;-68|DCU-Guest-WiFi;24:f2:7f:ac:d1:30;-50|DCU-Guest-WiFi;20:a6:cd:90:e0:50;-69|eduroam;24:f2:7f:ac:d4:51;-70|DCU-Guest-WiFi;24:f2:7f:ac:d4:50;-69|DCU-Guest-WiFi;20:a6:cd:90:e0:40;-78|
LG25,1676397403,"eduroam",70:3a:0e:62:d7:31,-55,DCU-Guest-WiFi;70:3a:0e:62:e0:50;-59|eduroam;70:3a:0e:62:e0:51;-59|eduroam;24:f2:7f:ac:d4:e1;-58|DCU-Guest-WiFi;24:f2:7f:ac:d4:e0;-59|eduroam;24:f2:7f:ac:d4:41;-73|DCU-Guest-WiFi;24:f2:7f:ac:d4:40;-70|eduroam;cc:88:c7:80:7e:50;-78|DCU-Guest-WiFi;24:f2:7f:ac:d4:f0;-59|DCU-Guest-WiFi;cc:88:c7:80:7e:53;-78|eduroam;24:f2:7f:ac:d4:f1;-59|eduroam;24:f2:7f:ac:d7:71;-83|DCU-Guest-WiFi;24:f2:7f:ac:d7:70;-82|DCU-Guest-WiFi;24:f2:7f:ac:d1:20;-63|eduroam;24:f2:7f:ac:d1:21;-63|DCU-Guest-WiFi;70:3a:0e:62:d7:20;-72|eduroam;70:3a:0e:62:d7:21;-72|eduroam;20:a6:cd:90:e0:51;-67|eduroam;24:f2:7f:ac:d1:31;-50|eduroam;70:3a:0e:62:d7:31;-68|DCU-Guest-WiFi;70:3a:0e:62:d7:30;-68|DCU-Guest-WiFi;24:f2:7f:ac:d1:30;-50|DCU-Guest-WiFi;20:a6:cd:90:e0:50;-68|eduroam;24:f2:7f:ac:d4:51;-70|DCU-Guest-WiFi;24:f2:7f:ac:d4:50;-69|DCU-Guest-WiFi;20:a6:cd:90:e0:40;-78|
LG25,1676397657,"eduroam",70:3a:0e:62:d7:31,-64,DCU-Guest-WiFi;70:3a:0e:62:e0:40;-58|eduroam;70:3a:0e:62:e0:41;-56|DCU-Guest-WiFi;70:3a:0e:62:e0:50;-47|eduroam;70:3a:0e:62:e0:51;-47|DCU-Guest-WiFi;24:f2:7f:ac:d4:e0;-71|eduroam;cc:88:c7:80:7e:50;-87|DCU-Guest-WiFi;24:f2:7f:ac:d4:f0;-67|DCU-Guest-WiFi;cc:88:c7:80:7e:53;-86|eduroam;24:f2:7f:ac:d4:f1;-67|eduroam;24:f2:7f:ac:d7:71;-85|DCU-Guest-WiFi;24:f2:7f:ac:d7:70;-87|DCU-Guest-WiFi;24:f2:7f:ac:d1:20;-60|eduroam;24:f2:7f:ac:d1:21;-59|DCU-Guest-WiFi;70:3a:0e:62:d7:20;-71|eduroam;70:3a:0e:62:d7:21;-71|eduroam;20:a6:cd:90:e0:51;-65|eduroam;24:f2:7f:ac:d1:31;-49|eduroam;70:3a:0e:62:d7:31;-53|DCU-Guest-WiFi;70:3a:0e:62:d7:30;-66|DCU-Guest-WiFi;24:f2:7f:ac:d1:30;-50|DCU-Guest-WiFi;20:a6:cd:90:e0:50;-65|eduroam;24:f2:7f:ac:d4:51;-75|DCU-Guest-WiFi;24:f2:7f:ac:d4:50;-75|
LG25,1676397687,"eduroam",70:3a:0e:62:d7:31,-64,DCU-Guest-WiFi;70:3a:0e:62:e0:40;-31|eduroam;70:3a:0e:62:e0:41;-31|DCU-Guest-WiFi;70:3a:0e:62:e0:50;-52|eduroam;70:3a:0e:62:e0:51;-52|DCU-Guest-WiFi;24:f2:7f:ac:d4:40;-73|eduroam;cc:88:c7:80:7e:50;-83|DCU-Guest-WiFi;cc:88:c7:80:7e:53;-83|eduroam;24:f2:7f:ac:d7:71;-87|DCU-Guest-WiFi;24:f2:7f:ac:d7:70;-87|DCU-Guest-WiFi;24:f2:7f:ac:d1:20;-63|eduroam;24:f2:7f:ac:d1:21;-64|DCU-Guest-WiFi;70:3a:0e:62:d7:20;-72|eduroam;70:3a:0e:62:d7:21;-70|eduroam;20:a6:cd:90:e0:51;-65|eduroam;24:f2:7f:ac:d1:31;-54|eduroam;70:3a:0e:62:d7:31;-66|DCU-Guest-WiFi;70:3a:0e:62:d7:30;-66|DCU-Guest-WiFi;24:f2:7f:ac:d1:30;-55|DCU-Guest-WiFi;20:a6:cd:90:e0:50;-65|eduroam;24:f2:7f:ac:d4:51;-81|DCU-Guest-WiFi;24:f2:7f:ac:d4:50;-81|DCU-Guest-WiFi;20:a6:cd:90:e0:40;-64|eduroam;20:a6:cd:90:e0:41;-65|
LG25,1676397717,"eduroam",70:3a:0e:62:d7:31,-64,DCU-Guest-WiFi;70:3a:0e:62:e0:40;-45|eduroam;70:3a:0e:62:e0:41;-45|DCU-Guest-WiFi;70:3a:0e:62:e0:50;-56|eduroam;70:3a:0e:62:e0:51;-56|DCU-Guest-WiFi;24:f2:7f:ac:d4:e0;-74|eduroam;cc:88:c7:80:7e:50;-76|DCU-Guest-WiFi;24:f2:7f:ac:d4:f0;-74|DCU-Guest-WiFi;cc:88:c7:80:7e:53;-75|eduroam;24:f2:7f:ac:d4:f1;-74|eduroam;24:f2:7f:ac:d7:71;-88|DCU-Guest-WiFi;24:f2:7f:ac:d7:70;-88|DCU-Guest-WiFi;24:f2:7f:ac:d1:20;-55|eduroam;24:f2:7f:ac:d1:21;-44|DCU-Guest-WiFi;70:3a:0e:62:d7:20;-63|eduroam;70:3a:0e:62:d7:21;-64|eduroam;20:a6:cd:90:e0:51;-63|eduroam;24:f2:7f:ac:d1:31;-53|eduroam;70:3a:0e:62:d7:31;-66|DCU-Guest-WiFi;70:3a:0e:62:d7:30;-68|DCU-Guest-WiFi;24:f2:7f:ac:d1:30;-53|DCU-Guest-WiFi;20:a6:cd:90:e0:50;-63|eduroam;24:f2:7f:ac:d4:51;-79|DCU-Guest-WiFi;24:f2:7f:ac:d4:50;-78|eduroam;20:a6:cd:90:e0:41;-72|
LG25,1676397747,"eduroam",70:3a:0e:62:d7:31,-64,DCU-Guest-WiFi;70:3a:0e:62:e0:40;-52|eduroam;70:3a:0e:62:e0:41;-52|DCU-Guest-WiFi;70:3a:0e:62:e0:50;-46|eduroam;70:3a:0e:62:e0:51;-46|eduroam;24:f2:7f:ac:d4:e1;-69|DCU-Guest-WiFi;24:f2:7f:ac:d4:e0;-70|eduroam;cc:88:c7:80:7e:50;-80|DCU-Guest-WiFi;24:f2:7f:ac:d4:f0;-77|DCU-Guest-WiFi;cc:88:c7:80:7e:53;-80|eduroam;24:f2:7f:ac:d4:f1;-77|eduroam;24:f2:7f:ac:d7:71;-85|DCU-Guest-WiFi;24:f2:7f:ac:d7:70;-87|DCU-Guest-WiFi;24:f2:7f:ac:d1:20;-58|eduroam;24:f2:7f:ac:d1:21;-58|DCU-Guest-WiFi;70:3a:0e:62:d7:20;-70|eduroam;20:a6:cd:90:e0:51;-68|eduroam;24:f2:7f:ac:d1:31;-51|eduroam;70:3a:0e:62:d7:31;-70|DCU-Guest-WiFi;70:3a:0e:62:d7:30;-71|DCU-Guest-WiFi;24:f2:7f:ac:d1:30;-50|DCU-Guest-WiFi;20:a6:cd:90:e0:50;-68|eduroam;24:f2:7f:ac:d4:51;-74|DCU-Guest-WiFi;24:f2:7f:ac:d4:50;-75|DCU-Guest-WiFi;20:a6:cd:90:e0:40;-69|
LG25,1676397777,"eduroam",70:3a:0e:62:d7:31,-64,DCU-Guest-WiFi;70:3a:0e:62:e0:40;-51|eduroam;70:3a:0e:62:e0:41;-50|DCU-Guest-WiFi;70:3a:0e:62:e0:50;-46|eduroam;70:3a:0e:62:e0:51;-46|eduroam;cc:88:c7:80:7e:40;-80|eduroam;cc:88:c7:80:7e:50;-81|DCU-Guest-WiFi;24:f2:7f:ac:d4:f0;-77|DCU-Guest-WiFi;cc:88:c7:80:7e:53;-81|eduroam;24:f2:7f:ac:d4:f1;-77|eduroam;24:f2:7f:ac:d7:71;-88|DCU-Guest-WiFi;24:f2:7f:ac:d7:70;-87|DCU-Guest-WiFi;24:f2:7f:ac:d1:20;-58|eduroam;24:f2:7f:ac:d1:21;-59|DCU-Guest-WiFi;70:3a:0e:62:d7:20;-73|eduroam;70:3a:0e:62:d7:21;-72|eduroam;20:a6:cd:90:e0:51;-67|eduroam;24:f2:7f:ac:d1:31;-50|eduroam;70:3a:0e:62:d7:31;-69|DCU-Guest-WiFi;70:3a:0e:62:d7:30;-70|DCU-Guest-WiFi;24:f2:7f:ac:d1:30;-50|DCU-Guest-WiFi;20:a6:cd:90:e0:50;-67|eduroam;24:f2:7f:ac:d4:51;-74|DCU-Guest-WiFi;24:f2:7f:ac:d4:50;-74|DCU-Guest-WiFi;20:a6:cd:90:e0:40;-73|eduroam;20:a6:cd:90:e0:41;-72|
LG25,1676397807,"eduroam",70:3a:0e:62:d7:31,-64,DCU-Guest-WiFi;70:3a:0e:62:e0:40;-50|eduroam;70:3a:0e:62:e0:41;-51|DCU-Guest-WiFi;70:3a:0e:62:e0:50;-46|eduroam;70:3a:0e:62:e0:51;-46|DCU-Guest-WiFi;24:f2:7f:ac:d4:e0;-70|eduroam;cc:88:c7:80:7e:50;-81|DCU-Guest-WiFi;24:f2:7f:ac:d4:f0;-77|DCU-Guest-WiFi;cc:88:c7:80:7e:53;-81|eduroam;24:f2:7f:ac:d4:f1;-77|eduroam;24:f2:7f:ac:d7:71;-86|DCU-Guest-WiFi;24:f2:7f:ac:d7:70;-86|DCU-Guest-WiFi;24:f2:7f:ac:d1:20;-57|eduroam;24:f2:7f:ac:d1:21;-56|DCU-Guest-WiFi;70:3a:0e:62:d7:20;-72|eduroam;70:3a:0e:62:d7:21;-74|eduroam;20:a6:cd:90:e0:51;-67|eduroam;24:f2:7f:ac:d1:31;-51|eduroam;70:3a:0e:62:d7:31;-70|DCU-Guest-WiFi;70:3a:0e:62:d7:30;-70|DCU-Guest-WiFi;24:f2:7f:ac:d1:30;-51|DCU-Guest-WiFi;20:a6:cd:90:e0:50;-67|eduroam;24:f2:7f:ac:d4:51;-73|DCU-Guest-WiFi;24:f2:7f:ac:d4:50;-73|DCU-Guest-WiFi;20:a6:cd:90:e0:40;-71|eduroam;20:a6:cd:90:e0:41;-72|
LG25,1676397837,"eduroam",70:3a:0e:62:d7:31,-64,DCU-Guest-WiFi;70:3a:0e:62:e0:40;-49|eduroam;70:3a:0e:62:e0:41;-49|DCU-Guest-WiFi;70:3a:0e:62:e0:50;-47|eduroam;70:3a:0e:62:e0:51;-46|DCU-Guest-WiFi;cc:88:c7:80:7e:43;-70|eduroam;cc:88:c7:80:7e:40;-78|DCU-Guest-WiFi;24:f2:7f:ac:d4:e0;-72|eduroam;cc:88:c7:80:7e:50;-82|DCU-Guest-WiFi;24:f2:7f:ac:d4:f0;-77|DCU-Guest-WiFi;cc:88:c7:80:7e:53;-82|eduroam;24:f2:7f:ac:d4:f1;-76|DCU-Guest-WiFi;c8:b5:ad:ca:8c:20;-88|eduroam;24:f2:7f:ac:d7:71;-86|DCU-Guest-WiFi;24:f2:7f:ac:d7:70;-86|DCU-Guest-WiFi;24:f2:7f:ac:d1:20;-58|eduroam;24:f2:7f:ac:d1:21;-56|eduroam;20:a6:cd:90:e0:51;-67|eduroam;24:f2:7f:ac:d1:31;-50|eduroam;70:3a:0e:62:d7:31;-68|DCU-Guest-WiFi;70:3a:0e:62:d7:30;-71|DCU-Guest-WiFi;24:f2:7f:ac:d1:30;-51|DCU-Guest-WiFi;20:a6:cd:90:e0:50;-67|eduroam;24:f2:7f:ac:d4:51;-74|DCU-Guest-WiFi;24:f2:7f:ac:d4:50;-74|
LG25,1676397867,"eduroam",70:3a:0e:62:d7:31,-64,DCU-Guest-WiFi;70:3a:0e:62:e0:40;-54|eduroam;70:3a:0e:62:e0:41;-54|DCU-Guest-WiFi;70:3a:0e:62:e0:50;-46|eduroam;70:3a:0e:62:e0:51;-46|eduroam;24:f2:7f:ac:d4:e1;-68|eduroam;cc:88:c7:80:7e:40;-81|DCU-Guest-WiFi;24:f2:7f:ac:d4:e0;-67|eduroam;24:f2:7f:ac:d4:41;-75|DCU-Guest-WiFi;24:f2:7f:ac:d4:40;-83|eduroam;cc:88:c7:80:7e:50;-81|DCU-Guest-WiFi;24:f2:7f:ac:d4:f0;-75|DCU-Guest-WiFi;cc:88:c7:80:7e:53;-82|eduroam;24:f2:7f:ac:d4:f1;-75|eduroam;24:f2:7f:ac:d7:71;-86|DCU-Guest-WiFi;24:f2:7f:ac:d7:70;-87|DCU-Guest-WiFi;24:f2:7f:ac:d1:20;-45|eduroam;24:f2:7f:ac:d1:21;-58|DCU-Guest-WiFi;70:3a:0e:62:d7:20;-75|eduroam;70:3a:0e:62:d7:21;-73|eduroam;20:a6:cd:90:e0:51;-67|eduroam;24:f2:7f:ac:d1:31;-52|eduroam;70:3a:0e:62:d7:31;-69|DCU-Guest-WiFi;70:3a:0e:62:d7:30;-71|DCU-Guest-WiFi;24:f2:7f:ac:d1:30;-52|DCU-Guest-WiFi;20:a6:cd:90:e0:50;-67|eduroam;24:f2:7f:ac:d4:51;-75|DCU-Guest-WiFi;24:f2:7f:ac:d4:50;-75|
LG25,1676397897,"eduroam",70:3a:0e:62:d7:31,-64,DCU-Guest-WiFi;70:3a:0e:62:e0:40;-52|eduroam;70:3a:0e:62:e0:41;-53|DCU-Guest-WiFi;70:3a:0e:62:e0:50;-46|eduroam;70:3a:0e:62:e0:51;-47|eduroam;24:f2:7f:ac:d4:e1;-71|DCU-Guest-WiFi;24:f2:7f:ac:d4:e0;-71|eduroam;cc:88:c7:80:7e:50;-81|DCU-Guest-WiFi;24:f2:7f:ac:d4:f0;-76|DCU-Guest-WiFi;cc:88:c7:80:7e:53;-80|eduroam;24:f2:7f:ac:d4:f1;-75|eduroam;24:f2:7f:ac:d7:71;-87|DCU-Guest-WiFi;24:f2:7f:ac:d7:70;-88|DCU-Guest-WiFi;70:3a:0e:62:d7:20;-74|eduroam;70:3a:0e:62:d7:21;-73|eduroam;20:a6:cd:90:e0:51;-67|eduroam;24:f2:7f:ac:d1:31;-51|eduroam;70:3a:0e:62:d7:31;-69|DCU-Guest-WiFi;70:3a:0e:62:d7:30;-71|DCU-Guest-WiFi;24:f2:7f:ac:d1:30;-50|DCU-Guest-WiFi;20:a6:cd:90:e0:50;-68|eduroam;24:f2:7f:ac:d4:51;-75|DCU-Guest-WiFi;24:f2:7f:ac:d4:50;-75|DCU-Guest-WiFi;20:a6:cd:90:e0:40;-70|eduroam;20:a6:cd:90:e0:41;-72|
LG25,1676397927,"eduroam",70:3a:0e:62:d7:31,-64,DCU-Guest-WiFi;70:3a:0e:62:e0:40;-51|eduroam;70:3a:0e:62:e0:41;-50|DCU-Guest-WiFi;70:3a:0e:62:e0:50;-47|eduroam;70:3a:0e:62:e0:51;-46|eduroam;24:f2:7f:ac:d4:e1;-72|DCU-Guest-WiFi;24:f2:7f:ac:d4:e0;-72|DCU-Guest-WiFi;24:f2:7f:ac:d4:40;-73|eduroam;cc:88:c7:80:7e:50;-81|DCU-Guest-WiFi;24:f2:7f:ac:d4:f0;-78|DCU-Guest-WiFi;cc:88:c7:80:7e:53;-81|eduroam;24:f2:7f:ac:d4:f1;-78|eduroam;24:f2:7f:ac:d7:71;-86|DCU-Guest-WiFi;24:f2:7f:ac:d7:70;-86|DCU-Guest-WiFi;24:f2:7f:ac:d1:20;-56|eduroam;24:f2:7f:ac:d1:21;-56|DCU-Guest-WiFi;70:3a:0e:62:d7:20;-73|eduroam;70:3a:0e:62:d7:21;-72|eduroam;20:a6:cd:90:e0:51;-67|eduroam;24:f2:7f:ac:d1:31;-51|eduroam;70:3a:0e:62:d7:31;-70|DCU-Guest-WiFi;70:3a:0e:62:d7:30;-69|DCU-Guest-WiFi;24:f2:7f:ac:d1:30;-51|DCU-Guest-WiFi;20:a6:cd:90:e0:50;-67|eduroam;24:f2:7f:ac:d4:51;-74|DCU-Guest-WiFi;24:f2:7f:ac:d4:50;-75|DCU-Guest-WiFi;20:a6:cd:90:e0:40;-72|eduroam;20:a6:cd:90:e0:41;-72|
LG25,1676397980,"eduroam",70:3a:0e:62:d7:31,-56,DCU-Guest-WiFi;70:3a:0e:62:e0:40;-52|eduroam;70:3a:0e:62:e0:41;-52|DCU-Guest-WiFi;70:3a:0e:62:e0:50;-45|eduroam;70:3a:0e:62:e0:51;-45|eduroam;24:f2:7f:ac:d4:41;-81|DCU-Guest-WiFi;70:3a:0e:62:dd:80;-90|eduroam;cc:88:c7:80:7e:50;-80|DCU-Guest-WiFi;24:f2:7f:ac:d4:f0;-76|DCU-Guest-WiFi;cc:88:c7:80:7e:53;-80|eduroam;24:f2:7f:ac:d4:f1;-76|eduroam;24:f2:7f:ac:d7:71;-86|DCU-Guest-WiFi;24:f2:7f:ac:d7:70;-87|DCU-Guest-WiFi;24:f2:7f:ac:d1:20;-59|eduroam;24:f2:7f:ac:d1:21;-58|eduroam;20:a6:cd:90:e0:51;-67|eduroam;24:f2:7f:ac:d1:31;-50|eduroam;70:3a:0e:62:d7:31;-68|DCU-Guest-WiFi;70:3a:0e:62:d7:30;-71|DCU-Guest-WiFi;24:f2:7f:ac:d1:30;-50|DCU-Guest-WiFi;20:a6:cd:90:e0:50;-66|eduroam;24:f2:7f:ac:d4:51;-75|DCU-Guest-WiFi;24:f2:7f:ac:d4:50;-75|
LG25,1676398010,"eduroam",70:3a:0e:62:d7:31,-56,DCU-Guest-WiFi;70:3a:0e:62:e0:40;-40|eduroam;70:3a:0e:62:e0:41;-40|DCU-Guest-WiFi;70:3a:0e:62:e0:50;-44|eduroam;70:3a:0e:62:e0:51;-44|DCU-Guest-WiFi;cc:88:c7:80:7e:43;-76|eduroam;24:f2:7f:ac:d4:41;-76|eduroam;cc:88:c7:80:7e:50;-77|DCU-Guest-WiFi;24:f2:7f:ac:d4:f0;-69|DCU-Guest-WiFi;cc:88:c7:80:7e:53;-77|eduroam;24:f2:7f:ac:d4:f1;-69|eduroam;24:f2:7f:ac:d7:61;-84|DCU-Guest-WiFi;24:f2:7f:ac:d7:60;-83|eduroam;24:f2:7f:ac:d7:71;-81|DCU-Guest-WiFi;24:f2:7f:ac:d7:70;-82|DCU-Guest-WiFi;20:a6:cd:8e:a0:c0;-90|DCU-Guest-WiFi;24:f2:7f:ac:d1:20;-63|eduroam;24:f2:7f:ac:d1:21;-62|DCU-Guest-WiFi;70:3a:0e:62:d7:20;-58|eduroam;70:3a:0e:62:d7:21;-59|eduroam;20:a6:cd:90:e0:51;-55|eduroam;24:f2:7f:ac:d1:31;-59|eduroam;70:3a:0e:62:d7:31;-56|DCU-Guest-WiFi;c8:b5:ad:ca:75:40;-84|DCU-Guest-WiFi;70:3a:0e:62:d7:30;-57|DCU-Guest-WiFi;24:f2:7f:ac:d1:30;-59|DCU-Guest-WiFi;20:a6:cd:90:e0:50;-55|eduroam;c8:b5:ad:e9:9c:f1;-73|DCU-Guest-WiFi;c8:b5:ad:e9:9c:f0;-84|eduroam;24:f2:7f:ac:d4:51;-72|DCU-Guest-WiFi;24:f2:7f:ac:d4:50;-72|DCU-Guest-WiFi;20:a6:cd:90:e0:40;-61|eduroam;20:a6:cd:90:e0:41;-63|
LG25,1676398047,"eduroam",70:3a:0e:62:d7:31,-58,DCU-Guest-WiFi;70:3a:0e:62:e0:40;-44|eduroam;70:3a:0e:62:e0:41;-41|DCU-Guest-WiFi;70:3a:0e:62:e0:50;-46|eduroam;70:3a:0e:62:e0:51;-46|eduroam;24:f2:7f:ac:d4:e1;-65|eduroam;cc:88:c7:80:7e:50;-81|DCU-Guest-WiFi;24:f2:7f:ac:d4:f0;-73|DCU-Guest-WiFi;cc:88:c7:80:7e:53;-81|eduroam;24:f2:7f:ac:d4:f1;-72|eduroam;24:f2:7f:ac:d7:71;-86|DCU-Guest-WiFi;24:f2:7f:ac:d7:70;-86|DCU-Guest-WiFi;24:f2:7f:ac:d1:20;-73|DCU-Guest-WiFi;70:3a:0e:62:d7:20;-68|eduroam;20:a6:cd:90:e0:51;-54|eduroam;24:f2:7f:ac:d1:31;-58|eduroam;70:3a:0e:62:d7:31;-60|DCU-Guest-WiFi;70:3a:0e:62:d7:30;-62|DCU-Guest-WiFi;24:f2:7f:ac:d1:30;-58|DCU-Guest-WiFi;20:a6:cd:90:e0:50;-55|eduroam;c8:b5:ad:e9:9c:f1;-86|DCU-Guest-WiFi;c8:b5:ad:e9:9c:f0;-86|eduroam;24:f2:7f:ac:d4:51;-74|DCU-Guest-WiFi;24:f2:7f:ac:d4:50;-74|DCU-Guest-WiFi;20:a6:cd:90:e0:40;-62|eduroam;20:a6:cd:90:e0:41;-62|
LG25,1676398077,"eduroam",70:3a:0e:62:d7:31,-58,DCU-Guest-WiFi;70:3a:0e:62:e0:40;-43|eduroam;70:3a:0e:62:e0:41;-42|DCU-Guest-WiFi;70:3a:0e:62:e0:50;-44|eduroam;70:3a:0e:62:e0:51;-46|eduroam;24:f2:7f:ac:d4:e1;-71|DCU-Guest-WiFi;24:f2:7f:ac:d4:e0;-70|eduroam;24:f2:7f:ac:d4:41;-75|DCU-Guest-WiFi;24:f2:7f:ac:d4:40;-76|eduroam;cc:88:c7:80:7e:50;-80|DCU-Guest-WiFi;24:f2:7f:ac:d4:f0;-68|DCU-Guest-WiFi;cc:88:c7:80:7e:53;-79|eduroam;24:f2:7f:ac:d4:f1;-68|eduroam;24:f2:7f:ac:d7:71;-83|DCU-Guest-WiFi;24:f2:7f:ac:d7:70;-82|DCU-Guest-WiFi;24:f2:7f:ac:d1:20;-61|eduroam;24:f2:7f:ac:d1:21;-69|DCU-Guest-WiFi;70:3a:0e:62:d7:20;-69|eduroam;70:3a:0e:62:d7:21;-65|eduroam;20:a6:cd:90:e0:51;-58|eduroam;24:f2:7f:ac:d1:31;-60|eduroam;70:3a:0e:62:d7:31;-60|DCU-Guest-WiFi;70:3a:0e:62:d7:30;-62|DCU-Guest-WiFi;24:f2:7f:ac:d1:30;-59|DCU-Guest-WiFi;20:a6:cd:90:e0:50;-58|eduroam;c8:b5:ad:e9:9c:f1;-88|DCU-Guest-WiFi;c8:b5:ad:e9:9c:f0;-88|eduroam;24:f2:7f:ac:d4:51;-71|DCU-Guest-WiFi;24:f2:7f:ac:d4:50;-71|DCU-Guest-WiFi;20:a6:cd:90:e0:40;-61|eduroam;20:a6:cd:90:e0:41;-61|
LG25,1676398107,"eduroam",70:3a:0e:62:d7:31,-58,DCU-Guest-WiFi;70:3a:0e:62:e0:40;-43|eduroam;70:3a:0e:62:e0:41;-44|DCU-Guest-WiFi;70:3a:0e:62:e0:50;-44|eduroam;70:3a:0e:62:e0:51;-43|eduroam;24:f2:7f:ac:d4:e1;-71|DCU-Guest-WiFi;24:f2:7f:ac:d4:e0;-67|eduroam;cc:88:c7:80:7e:50;-80|DCU-Guest-WiFi;24:f2:7f:ac:d4:f0;-69|DCU-Guest-WiFi;cc:88:c7:80:7e:53;-80|eduroam;24:f2:7f:ac:d4:f1;-69|eduroam;24:f2:7f:ac:d7:71;-84|DCU-Guest-WiFi;24:f2:7f:ac:d7:70;-84|DCU-Guest-WiFi;24:f2:7f:ac:d1:20;-73|eduroam;24:f2:7f:ac:d1:21;-72|DCU-Guest-WiFi;70:3a:0e:62:d7:20;-68|eduroam;70:3a:0e:62:d7:21;-66|eduroam;20:a6:cd:90:e0:51;-54|eduroam;24:f2:7f:ac:d1:31;-64|eduroam;70:3a:0e:62:d7:31;-59|DCU-Guest-WiFi;70:3a:0e:62:d7:30;-62|DCU-Guest-WiFi;24:f2:7f:ac:d1:30;-64|DCU-Guest-WiFi;20:a6:cd:90:e0:50;-54|eduroam;24:f2:7f:ac:d4:51;-73|DCU-Guest-WiFi;24:f2:7f:ac:d4:50;-72|DCU-Guest-WiFi;20:a6:cd:90:e0:40;-52|eduroam;20:a6:cd:90:e0:41;-51|
LG25,1676398137,"eduroam",70:3a:0e:62:d7:31,-58,DCU-Guest-WiFi;70:3a:0e:62:e0:40;-41|eduroam;70:3a:0e:62:e0:41;-41|DCU-Guest-WiFi;70:3a:0e:62:e0:50;-43|eduroam;70:3a:0e:62:e0:51;-43|eduroam;24:f2:7f:ac:d4:e1;-72|DCU-Guest-WiFi;24:f2:7f:ac:d4:e0;-65|eduroam;24:f2:7f:ac:d4:41;-76|DCU-Guest-WiFi;24:f2:7f:ac:d4:40;-77|eduroam;cc:88:c7:80:7e:50;-78|DCU-Guest-WiFi;24:f2:7f:ac:d4:f0;-69|DCU-Guest-WiFi;cc:88:c7:80:7e:53;-78|eduroam;24:f2:7f:ac:d4:f1;-68|eduroam;24:f2:7f:ac:d7:61;-86|eduroam;24:f2:7f:ac:d7:71;-83|DCU-Guest-WiFi;24:f2:7f:ac:d7:70;-84|DCU-Guest-WiFi;24:f2:7f:ac:d1:20;-71|eduroam;24:f2:7f:ac:d1:21;-59|DCU-Guest-WiFi;70:3a:0e:62:d7:20;-60|eduroam;70:3a:0e:62:d7:21;-58|eduroam;20:a6:cd:90:e0:51;-55|eduroam;24:f2:7f:ac:d1:31;-61|eduroam;70:3a:0e:62:d7:31;-59|DCU-Guest-WiFi;70:3a:0e:62:d7:30;-60|DCU-Guest-WiFi;24:f2:7f:ac:d1:30;-61|DCU-Guest-WiFi;20:a6:cd:90:e0:50;-55|eduroam;24:f2:7f:ac:d4:51;-70|DCU-Guest-WiFi;24:f2:7f:ac:d4:50;-70|DCU-Guest-WiFi;20:a6:cd:90:e0:40;-57|eduroam;20:a6:cd:90:e0:41;-55|
LG25,1676398167,"eduroam",70:3a:0e:62:d7:31,-58,DCU-Guest-WiFi;70:3a:0e:62:e0:40;-51|eduroam;70:3a:0e:62:e0:41;-52|DCU-Guest-WiFi;70:3a:0e:62:e0:50;-48|eduroam;70:3a:0e:62:e0:51;-48|DCU-Guest-WiFi;cc:88:c7:80:7e:43;-69|eduroam;cc:88:c7:80:7e:40;-70|eduroam;24:f2:7f:ac:d4:41;-69|DCU-Guest-WiFi;24:f2:7f:ac:d4:40;-70|eduroam;cc:88:c7:80:7e:50;-79|DCU-Guest-WiFi;24:f2:7f:ac:d4:f0;-69|DCU-Guest-WiFi;cc:88:c7:80:7e:53;-79|eduroam;24:f2:7f:ac:d4:f1;-69|eduroam;24:f2:7f:ac:d7:71;-83|DCU-Guest-WiFi;24:f2:7f:ac:d7:70;-83|DCU-Guest-WiFi;24:f2:7f:ac:d1:20;-60|eduroam;24:f2:7f:ac:d1:21;-59|DCU-Guest-WiFi;70:3a:0e:62:d7:20;-68|eduroam;70:3a:0e:62:d7:21;-67|eduroam;20:a6:cd:90:e0:51;-66|eduroam;24:f2:7f:ac:d1:31;-51|DCU-Guest-WiFi;c8:b5:ad:ca:86:e2;-87|eduroam;70:3a:0e:62:d7:31;-63|DCU-Guest-WiFi;70:3a:0e:62:d7:30;-64|DCU-Guest-WiFi;24:f2:7f:ac:d1:30;-51|DCU-Guest-WiFi;20:a6:cd:90:e0:50;-66|eduroam;24:f2:7f:ac:d4:51;-71|DCU-Guest-WiFi;24:f2:7f:ac:d4:50;-71|DCU-Guest-WiFi;20:a6:cd:90:e0:40;-72|eduroam;20:a6:cd:90:e0:41;-71|
L101,1676399232,"eduroam",24:f2:7f:ac:d7:91,-56,DCU-Guest-WiFi;70:3a:0e:62:e0:40;-46|eduroam;70:3a:0e:62:e0:41;-46|DCU-Guest-WiFi;70:3a:0e:62:e0:50;-50|eduroam;70:3a:0e:62:e0:51;-50|DCU-Guest-WiFi;24:f2:7f:ac:d4:40;-71|eduroam;cc:88:c7:80:7e:50;-82|DCU-Guest-WiFi;24:f2:7f:ac:d4:f0;-72|DCU-Guest-WiFi;cc:88:c7:80:7e:53;-83|eduroam;24:f2:7f:ac:d4:f1;-72|eduroam;24:f2:7f:ac:d7:71;-85|DCU-Guest-WiFi;24:f2:7f:ac:d7:70;-84|DCU-Guest-WiFi;24:f2:7f:ac:d1:20;-48|eduroam;24:f2:7f:ac:d1:21;-58|DCU-Guest-WiFi;70:3a:0e:62:d7:20;-66|eduroam;70:3a:0e:62:d7:21;-65|eduroam;20:a6:cd:90:e0:51;-69|eduroam;24:f2:7f:ac:d1:31;-54|eduroam;70:3a:0e:62:d7:31;-66|DCU-Guest-WiFi;70:3a:0e:62:d7:30;-67|DCU-Guest-WiFi;24:f2:7f:ac:d1:30;-55|DCU-Guest-WiFi;20:a6:cd:90:e0:50;-69|eduroam;24:f2:7f:ac:d4:51;-76|DCU-Guest-WiFi;24:f2:7f:ac:d4:50;-76|DCU-Guest-WiFi;20:a6:cd:90:e0:40;-67|eduroam;20:a6:cd:90:e0:41;-67|
L101,1676399262,"eduroam",24:f2:7f:ac:d7:91,-56,eduroam;24:f2:7f:ac:d7:91;-56|DCU-Guest-WiFi;24:f2:7f:ac:d7:90;-56|DCU-Guest-WiFi;34:fc:b9:14:a7:d0;-80|eduroam;34:fc:b9:14:a7:d1;-80|DCU-Guest-WiFi;34:fc:b9:14:a7:c0;-80|eduroam;20:a6:cd:8e:9e:41;-86|DCU-Guest-WiFi;20:a6:cd:8e:9e:40;-86|DCU-Guest-WiFi;20:a6:cd:8e:a0:10;-76|eduroam;20:a6:cd:8e:a0:11;-76|eduroam;24:f2:7f:ac:d7:81;-60|DCU-Guest-WiFi;24:f2:7f:ac:d7:80;-60|DCU-Guest-WiFi;20:a6:cd:8e:9f:80;-66|eduroam;20:a6:cd:8e:9f:81;-67|DCU-Guest-WiFi;24:f2:7f:ac:d6:60;-86|eduroam;24:f2:7f:ac:d6:61;-87|DCU-Guest-WiFi;24:f2:7f:ac:d6:70;-85|eduroam;24:f2:7f:ac:d6:71;-86|eduroam;20:a6:cd:8e:9f:91;-62|DCU-Guest-WiFi;20:a6:cd:8e:9f:90;-61|
L101,1676399292,"eduroam",24:f2:7f:ac:d7:91,-56,eduroam;24:f2:7f:ac:d7:91;-53|DCU-Guest-WiFi;24:f2:7f:ac:d7:90;-53|DCU-Guest-WiFi;34:fc:b9:14:a7:d0;-80|eduroam;34:fc:b9:14:a7:d1;-79|eduroam;34:fc:b9:14:a7:c1;-72|DCU-Guest-WiFi;34:fc:b9:14:a7:c0;-71|DCU-Guest-WiFi;20:a6:cd:8e:9e:50;-68|eduroam;20:a6:cd:8e:9e:51;-68|eduroam;20:a6:cd:8e:9e:41;-71|DCU-Guest-WiFi;20:a6:cd:8e:9e:40;-70|DCU-Guest-WiFi;20:a6:cd:8e:a0:10;-81|eduroam;20:a6:cd:8e:a0:11;-82|eduroam;24:f2:7f:ac:d7:81;-50|DCU-Guest-WiFi;24:f2:7f:ac:d7:80;-51|DCU-Guest-WiFi;20:a6:cd:8e:9e:90;-89|eduroam;20:a6:cd:8e:9e:91;-88|DCU-Guest-WiFi;20:a6:cd:8e:9e:80;-80|DCU-Guest-WiFi;20:a6:cd:8e:9f:80;-81|eduroam;20:a6:cd:8e:9f:81;-80|DCU-Guest-WiFi;24:f2:7f:ac:d6:60;-64|eduroam;24:f2:7f:ac:d6:61;-65|DCU-Guest-WiFi;24:f2:7f:ac:d6:70;-65|eduroam;24:f2:7f:ac:d6:71;-65|eduroam;20:a6:cd:8e:9f:91;-78|DCU-Guest-WiFi;20:a6:cd:8e:9f:90;-78|
L101,1676399322,"eduroam",24:f2:7f:ac:d7:91,-56,eduroam;24:f2:7f:ac:d7:91;-54|DCU-Guest-WiFi;24:f2:7f:ac:d7:90;-54|eduroam;34:fc:b9:14:a7:c1;-71|DCU-Guest-WiFi;34:fc:b9:14:a7:c0;-71|DCU-Guest-WiFi;20:a6:cd:8e:9e:50;-67|eduroam;20:a6:cd:8e:9e:51;-67|eduroam;20:a6:cd:8e:9e:41;-71|DCU-Guest-WiFi;20:a6:cd:8e:9e:40;-70|eduroam;20:a6:cd:8e:a0:01;-79|DCU-Guest-WiFi;20:a6:cd:8e:a0:00;-80|DCU-Guest-WiFi;20:a6:cd:8e:a0:10;-81|eduroam;20:a6:cd:8e:a0:11;-81|eduroam;24:f2:7f:ac:d7:81;-53|DCU-Guest-WiFi;24:f2:7f:ac:d7:80;-53|DCU-Guest-WiFi;20:a6:cd:8e:9e:90;-88|eduroam;20:a6:cd:8e:9e:91;-88|DCU-Guest-WiFi;24:f2:7f:ac:d6:60;-64|eduroam;24:f2:7f:ac:d6:61;-64|DCU-Guest-WiFi;24:f2:7f:ac:d6:70;-66|eduroam;24:f2:7f:ac:d6:71;-66|eduroam;20:a6:cd:8e:9f:91;-77|DCU-Guest-WiFi;20:a6:cd:8e:9f:90;-78|
L101,1676399383,"eduroam",24:f2:7f:ac:d7:91,-56,eduroam;24:f2:7f:ac:d7:91;-47|DCU-Guest-WiFi;24:f2:7f:ac:d7:90;-48|DCU-Guest-WiFi;34:fc:b9:14:a7:d0;-80|eduroam;34:fc:b9:14:a7:d1;-81|DCU-Guest-WiFi;34:fc:b9:14:a7:c0;-70|DCU-Guest-WiFi;20:a6:cd:8e:9e:50;-65|eduroam;20:a6:cd:8e:9e:51;-65|eduroam;20:a6:cd:8e:9e:41;-68|DCU-Guest-WiFi;20:a6:cd:8e:9e:40;-69|eduroam;20:a6:cd:8e:a0:01;-80|DCU-Guest-WiFi;20:a6:cd:8e:a0:00;-79|DCU-Guest-WiFi;20:a6:cd:8e:a0:10;-81|eduroam;20:a6:cd:8e:a0:11;-81|eduroam;24:f2:7f:ac:d7:81;-51|DCU-Guest-WiFi;24:f2:7f:ac:d7:80;-51|DCU-Guest-WiFi;20:a6:cd:8e:9e:90;-89|eduroam;20:a6:cd:8e:9e:91;-88|DCU-Guest-WiFi;20:a6:cd:8e:9e:80;-83|eduroam;20:a6:cd:8e:9f:81;-80|DCU-Guest-WiFi;24:f2:7f:ac:d6:60;-62|eduroam;24:f2:7f:ac:d6:61;-62|DCU-Guest-WiFi;24:f2:7f:ac:d6:70;-65|eduroam;24:f2:7f:ac:d6:71;-65|eduroam;20:a6:cd:8e:9f:91;-78|DCU-Guest-WiFi;20:a6:cd:8e:9f:90;-79|
L101,1676399413,"eduroam",24:f2:7f:ac:d7:91,-56,eduroam;24:f2:7f:ac:d7:91;-53|DCU-Guest-WiFi;24:f2:7f:ac:d7:90;-53|DCU-Guest-WiFi;34:fc:b9:14:a7:d0;-78|eduroam;34:fc:b9:14:a7:d1;-79|eduroam;34:fc:b9:14:a7:c1;-72|DCU-Guest-WiFi;34:fc:b9:14:a7:c0;-71|DCU-Guest-WiFi;20:a6:cd:8e:9e:50;-65|eduroam;20:a6:cd:8e:9e:51;-65|eduroam;20:a6:cd:8e:9e:41;-65|DCU-Guest-WiFi;20:a6:cd:8e:9e:40;-65|DCU-Guest-WiFi;20:a6:cd:8e:a0:10;-82|eduroam;20:a6:cd:8e:a0:11;-81|eduroam;24:f2:7f:ac:d7:81;-51|DCU-Guest-WiFi;24:f2:7f:ac:d7:80;-51|DCU-Guest-WiFi;20:a6:cd:8e:9e:90;-89|eduroam;20:a6:cd:8e:9e:91;-88|DCU-Guest-WiFi;24:f2:7f:ac:d6:60;-63|eduroam;24:f2:7f:ac:d6:61;-63|DCU-Guest-WiFi;24:f2:7f:ac:d6:70;-67|eduroam;24:f2:7f:ac:d6:71;-67|eduroam;20:a6:cd:8e:9f:91;-78|DCU-Guest-WiFi;20:a6:cd:8e:9f:90;-78|
L101,1676399499,"eduroam",24:f2:7f:ac:d7:91,-56,eduroam;24:f2:7f:ac:d7:91;-50|DCU-Guest-WiFi;24:f2:7f:ac:d7:90;-51|DCU-Guest-WiFi;34:fc:b9:14:a7:d0;-72|eduroam;34:fc:b9:14:a7:d1;-72|eduroam;34:fc:b9:14:a7:c1;-74|DCU-Guest-WiFi;34:fc:b9:14:a7:c0;-72|DCU-Guest-WiFi;20:a6:cd:8e:9e:50;-61|eduroam;20:a6:cd:8e:9e:51;-61|eduroam;20:a6:cd:8e:9e:41;-73|DCU-Guest-WiFi;20:a6:cd:8e:9e:40;-72|eduroam;20:a6:cd:8e:a0:01;-82|DCU-Guest-WiFi;20:a6:cd:8e:a0:00;-81|DCU-Guest-WiFi;20:a6:cd:8e:a0:10;-79|eduroam;20:a6:cd:8e:a0:11;-80|eduroam;24:f2:7f:ac:d7:81;-57|DCU-Guest-WiFi;24:f2:7f:ac:d7:80;-58|DCU-Guest-WiFi;20:a6:cd:8e:9e:90;-87|eduroam;20:a6:cd:8e:9e:91;-87|DCU-Guest-WiFi;20:a6:cd:8e:9f:80;-77|eduroam;20:a6:cd:8e:9f:81;-75|DCU-Guest-WiFi;24:f2:7f:ac:d6:60;-57|eduroam;e8:26:89:4e:b7:b1;-89|eduroam;24:f2:7f:ac:d6:61;-60|DCU-Guest-WiFi;24:f2:7f:ac:d6:70;-60|eduroam;24:f2:7f:ac:d6:71;-60|DCU-Guest-WiFi;24:f2:7f:ac:dd:80;-86|eduroam;24:f2:7f:ac:dd:81;-87|eduroam;20:a6:cd:8e:bd:51;-86|DCU-Guest-WiFi;20:a6:cd:8e:bd:50;-87|eduroam;20:a6:cd:8e:9f:91;-79|DCU-Guest-WiFi;20:a6:cd:8e:9f:90;-80|DCU-Guest-WiFi;e8:26:89:4e:b7:a0;-86|eduroam;e8:26:89:4e:b7:a1;-86|
L101,1676399529,"eduroam",24:f2:7f:ac:d7:91,-56,eduroam;24:f2:7f:ac:d7:91;-64|DCU-Guest-WiFi;24:f2:7f:ac:d7:90;-65|DCU-Guest-WiFi;34:fc:b9:14:a7:d0;-87|eduroam;34:fc:b9:14:a7:d1;-87|DCU-Guest-WiFi;20:a6:cd:8e:9e:50;-87|eduroam;20:a6:cd:8e:9e:51;-85|eduroam;20:a6:cd:8e:9e:41;-85|DCU-Guest-WiFi;20:a6:cd:8e:9e:40;-84|eduroam;20:a6:cd:8e:a0:01;-82|DCU-Guest-WiFi;20:a6:cd:8e:a0:00;-82|DCU-Guest-WiFi;20:a6:cd:8e:a0:10;-80|eduroam;20:a6:cd:8e:a0:11;-79|eduroam;24:f2:7f:ac:d7:81;-69|DCU-Guest-WiFi;24:f2:7f:ac:d7:80;-71|DCU-Guest-WiFi;20:a6:cd:8e:9f:80;-63|DCU-Guest-WiFi;24:f2:7f:ac:d6:60;-87|eduroam;24:f2:7f:ac:d6:61;-85|eduroam;20:a6:cd:8e:9f:91;-68|DCU-Guest-WiFi;20:a6:cd:8e:9f:90;-68|
L101,1676399559,"eduroam",24:f2:7f:ac:d7:91,-56,eduroam;24:f2:7f:ac:d7:91;-68|DCU-Guest-WiFi;24:f2:7f:ac:d7:90;-68|DCU-Guest-WiFi;34:fc:b9:14:a7:d0;-86|eduroam;34:fc:b9:14:a7:d1;-87|DCU-Guest-WiFi;20:a6:cd:8e:9e:50;-86|eduroam;20:a6:cd:8e:9e:51;-85|eduroam;20:a6:cd:8e:9e:41;-85|DCU-Guest-WiFi;20:a6:cd:8e:a0:10;-79|eduroam;20:a6:cd:8e:a0:11;-79|eduroam;24:f2:7f:ac:d7:81;-71|DCU-Guest-WiFi;24:f2:7f:ac:d7:80;-71|DCU-Guest-WiFi;20:a6:cd:8e:9f:80;-63|eduroam;20:a6:cd:8e:9f:81;-63|DCU-Guest-WiFi;24:f2:7f:ac:d6:60;-87|eduroam;24:f2:7f:ac:d6:61;-85|eduroam;20:a6:cd:8e:9f:91;-67|DCU-Guest-WiFi;20:a6:cd:8e:9f:90;-67|
L101,1676399613,"eduroam",24:f2:7f:ac:d7:91,-56,eduroam;24:f2:7f:ac:d7:91;-66|DCU-Guest-WiFi;24:f2:7f:ac:d7:90;-66|DCU-Guest-WiFi;20:a6:cd:8e:9e:50;-85|eduroam;20:a6:cd:8e:9e:51;-85|eduroam;20:a6:cd:8e:9e:41;-84|DCU-Guest-WiFi;20:a6:cd:8e:9e:40;-84|DCU-Guest-WiFi;20:a6:cd:8e:a0:00;-77|DCU-Guest-WiFi;20:a6:cd:8e:a0:10;-81|eduroam;20:a6:cd:8e:a0:11;-80|eduroam;24:f2:7f:ac:d7:81;-66|DCU-Guest-WiFi;24:f2:7f:ac:d7:80;-65|DCU-Guest-WiFi;20:a6:cd:8e:9f:80;-66|eduroam;20:a6:cd:8e:9f:81;-65|DCU-Guest-WiFi;24:f2:7f:ac:d6:60;-87|eduroam;24:f2:7f:ac:d6:61;-86|eduroam;20:a6:cd:8e:9f:91;-69|DCU-Guest-WiFi;20:a6:cd:8e:9f:90;-69|
L101,1676399643,"eduroam",24:f2:7f:ac:d7:91,-56,eduroam;24:f2:7f:ac:d7:91;-54|DCU-Guest-WiFi;24:f2:7f:ac:d7:90;-53|DCU-Guest-WiFi;34:fc:b9:14:a7:d0;-82|eduroam;34:fc:b9:14:a7:d1;-82|eduroam;34:fc:b9:14:a7:c1;-88|DCU-Guest-WiFi;34:fc:b9:14:a7:c0;-87|DCU-Guest-WiFi;20:a6:cd:8e:9e:50;-78|eduroam;20:a6:cd:8e:9e:51;-78|eduroam;20:a6:cd:8e:9e:41;-81|DCU-Guest-WiFi;20:a6:cd:8e:9e:40;-79|eduroam;20:a6:cd:8e:a0:01;-68|DCU-Guest-WiFi;20:a6:cd:8e:a0:10;-66|eduroam;20:a6:cd:8e:a0:11;-66|DCU-Guest-WiFi;e8:26:89:4e:b7:b0;-87|DCU-Guest-WiFi;24:f2:7f:ac:d6:60;-81|eduroam;e8:26:89:4e:b7:b1;-87|eduroam;24:f2:7f:ac:d6:61;-81|DCU-Guest-WiFi;24:f2:7f:ac:d6:70;-85|eduroam;24:f2:7f:ac:d6:71;-83|eduroam;20:a6:cd:8e:9f:91;-73|DCU-Guest-WiFi;20:a6:cd:8e:9f:90;-71|
L101,1676399673,"eduroam",24:f2:7f:ac:d7:91,-56,eduroam;24:f2:7f:ac:d7:91;-49|DCU-Guest-WiFi;24:f2:7f:ac:d7:90;-49|DCU-Guest-WiFi;34:fc:b9:14:a7:d0;-81|eduroam;34:fc:b9:14:a7:d1;-81|eduroam;34:fc:b9:14:a7:c1;-86|DCU-Guest-WiFi;34:fc:b9:14:a7:c0;-86|DCU-Guest-WiFi;20:a6:cd:8e:9e:50;-75|eduroam;20:a6:cd:8e:9e:51;-75|eduroam;20:a6:cd:8e:9e:41;-75|DCU-Guest-WiFi;20:a6:cd:8e:9e:40;-75|eduroam;20:a6:cd:8e:a0:01;-70|DCU-Guest-WiFi;20:a6:cd:8e:a0:00;-70|DCU-Guest-WiFi;20:a6:cd:8e:a0:10;-70|eduroam;20:a6:cd:8e:a0:11;-69|eduroam;24:f2:7f:ac:d7:81;-58|DCU-Guest-WiFi;24:f2:7f:ac:d7:80;-57|DCU-Guest-WiFi;20:a6:cd:8e:9f:80;-66|DCU-Guest-WiFi;e8:26:89:4e:b7:b0;-86|DCU-Guest-WiFi;24:f2:7f:ac:d6:60;-85|eduroam;e8:26:89:4e:b7:b1;-87|eduroam;24:f2:7f:ac:d6:61;-86|DCU-Guest-WiFi;24:f2:7f:ac:d6:70;-77|eduroam;24:f2:7f:ac:d6:71;-77|eduroam;20:a6:cd:8e:9f:91;-63|DCU-Guest-WiFi;20:a6:cd:8e:9f:90;-63|
L101,1676399703,"eduroam",24:f2:7f:ac:d7:91,-56,eduroam;24:f2:7f:ac:d7:91;-56|DCU-Guest-WiFi;24:f2:7f:ac:d7:90;-57|DCU-Guest-WiFi;34:fc:b9:14:a7:d0;-80|eduroam;34:fc:b9:14:a7:d1;-80|DCU-Guest-WiFi;20:a6:cd:8e:9e:50;-78|eduroam;20:a6:cd:8e:9e:51;-79|eduroam;20:a6:cd:8e:9e:41;-76|DCU-Guest-WiFi;20:a6:cd:8e:9e:40;-76|eduroam;20:a6:cd:8e:a0:01;-69|DCU-Guest-WiFi;20:a6:cd:8e:a0:10;-67|eduroam;20:a6:cd:8e:a0:11;-67|eduroam;24:f2:7f:ac:d7:81;-57|DCU-Guest-WiFi;24:f2:7f:ac:d7:80;-58|DCU-Guest-WiFi;20:a6:cd:8e:9f:80;-64|eduroam;20:a6:cd:8e:9f:81;-67|DCU-Guest-WiFi;24:f2:7f:ac:d6:60;-81|eduroam;24:f2:7f:ac:d6:61;-77|DCU-Guest-WiFi;24:f2:7f:ac:d6:70;-79|eduroam;24:f2:7f:ac:d6:71;-79|eduroam;20:a6:cd:8e:9f:91;-64|DCU-Guest-WiFi;20:a6:cd:8e:9f:90;-64|
L101,1676399733,"eduroam",24:f2:7f:ac:d7:91,-56,eduroam;24:f2:7f:ac:d7:91;-54|DCU-Guest-WiFi;24:f2:7f:ac:d7:90;-55|DCU-Guest-WiFi;34:fc:b9:14:a7:d0;-78|eduroam;34:fc:b9:14:a7:d1;-78|DCU-Guest-WiFi;20:a6:cd:8e:9e:50;-80|eduroam;20:a6:cd:8e:9e:51;-79|DCU-Guest-WiFi;20:a6:cd:8e:9e:40;-83|DCU-Guest-WiFi;20:a6:cd:8e:a0:10;-77|eduroam;20:a6:cd:8e:a0:11;-77|eduroam;24:f2:7f:ac:d7:81;-67|DCU-Guest-WiFi;24:f2:7f:ac:d7:80;-67|DCU-Guest-WiFi;20:a6:cd:8e:9f:80;-68|eduroam;20:a6:cd:8e:9f:81;-70|DCU-Guest-WiFi;e8:26:89:4e:b7:b0;-87|DCU-Guest-WiFi;24:f2:7f:ac:d6:60;-85|eduroam;e8:26:89:4e:b7:b1;-87|eduroam;24:f2:7f:ac:d6:61;-84|DCU-Guest-WiFi;24:f2:7f:ac:d6:70;-84|eduroam;24:f2:7f:ac:d6:71;-84|eduroam;20:a6:cd:8e:9f:91;-64|DCU-Guest-WiFi;20:a6:cd:8e:9f:90;-64|
L101,1676399763,"eduroam",24:f2:7f:ac:d7:91,-56,eduroam;24:f2:7f:ac:d7:91;-59|DCU-Guest-WiFi;24:f2:7f:ac:d7:90;-57|DCU-Guest-WiFi;34:fc:b9:14:a7:d0;-81|eduroam;34:fc:b9:14:a7:d1;-81|eduroam;20:a6:cd:8e:9e:51;-75|eduroam;20:a6:cd:8e:a0:01;-72|DCU-Guest-WiFi;20:a6:cd:8e:a0:00;-72|DCU-Guest-WiFi;20:a6:cd:8e:a0:10;-71|eduroam;20:a6:cd:8e:a0:11;-71|eduroam;24:f2:7f:ac:d7:81;-59|DCU-Guest-WiFi;24:f2:7f:ac:d7:80;-57|eduroam;20:a6:cd:8e:9f:81;-61|DCU-Guest-WiFi;24:f2:7f:ac:d6:60;-80|eduroam;24:f2:7f:ac:d6:61;-80|DCU-Guest-WiFi;24:f2:7f:ac:d6:70;-79|eduroam;24:f2:7f:ac:d6:71;-81|eduroam;20:a6:cd:8e:9f:91;-62|DCU-Guest-WiFi;20:a6:cd:8e:9f:90;-62|
L101,1676399793,"eduroam",24:f2:7f:ac:d7:91,-56,eduroam;24:f2:7f:ac:d7:91;-56|DCU-Guest-WiFi;24:f2:7f:ac:d7:90;-57|DCU-Guest-WiFi;34:fc:b9:14:a7:d0;-83|eduroam;34:fc:b9:14:a7:d1;-83|eduroam;34:fc:b9:14:a7:c1;-82|DCU-Guest-WiFi;20:a6:cd:8e:9e:50;-78|eduroam;20:a6:cd:8e:9e:51;-78|DCU-Guest-WiFi;20:a6:cd:8e:9e:40;-79|eduroam;20:a6:cd:8e:a0:01;-71|DCU-Guest-WiFi;20:a6:cd:8e:a0:00;-71|DCU-Guest-WiFi;20:a6:cd:8e:a0:10;-72|eduroam;20:a6:cd:8e:a0:11;-72|eduroam;24:f2:7f:ac:d7:81;-51|DCU-Guest-WiFi;24:f2:7f:ac:d7:80;-51|DCU-Guest-WiFi;20:a6:cd:8e:9f:80;-60|eduroam;20:a6:cd:8e:9f:81;-62|DCU-Guest-WiFi;24:f2:7f:ac:d6:60;-84|eduroam;24:f2:7f:ac:d6:61;-86|DCU-Guest-WiFi;24:f2:7f:ac:d6:70;-82|eduroam;24:f2:7f:ac:d6:71;-81|eduroam;20:a6:cd:8e:9f:91;-63|DCU-Guest-WiFi;20:a6:cd:8e:9f:90;-63|eduroam;e8:26:89:4e:b7:a1;-87|
L101,1676399823,"eduroam",24:f2:7f:ac:d7:91,-56,eduroam;24:f2:7f:ac:d7:91;-62|DCU-Guest-WiFi;24:f2:7f:ac:d7:90;-59|DCU-Guest-WiFi;34:fc:b9:14:a7:d0;-77|eduroam;34:fc:b9:14:a7:d1;-76|DCU-Guest-WiFi;20:a6:cd:8e:9e:50;-78|eduroam;20:a6:cd:8e:9e:51;-78|eduroam;20:a6:cd:8e:9e:41;-78|DCU-Guest-WiFi;20:a6:cd:8e:a0:10;-75|eduroam;20:a6:cd:8e:a0:11;-75|eduroam;24:f2:7f:ac:d7:81;-58|DCU-Guest-WiFi;24:f2:7f:ac:d7:80;-59|DCU-Guest-WiFi;20:a6:cd:8e:9f:80;-61|eduroam;20:a6:cd:8e:9f:81;-62|DCU-Guest-WiFi;e8:26:89:4e:b7:b0;-87|DCU-Guest-WiFi;24:f2:7f:ac:d6:60;-80|eduroam;e8:26:89:4e:b7:b1;-87|eduroam;24:f2:7f:ac:d6:61;-82|DCU-Guest-WiFi;24:f2:7f:ac:d6:70;-82|eduroam;24:f2:7f:ac:d6:71;-83|eduroam;20:a6:cd:8e:9f:91;-69|DCU-Guest-WiFi;20:a6:cd:8e:9f:90;-63|
L101,1676399853,"eduroam",24:f2:7f:ac:d7:91,-56,eduroam;24:f2:7f:ac:d7:91;-55|DCU-Guest-WiFi;24:f2:7f:ac:d7:90;-56|DCU-Guest-WiFi;34:fc:b9:14:a7:d0;-86|eduroam;34:fc:b9:14:a7:d1;-86|DCU-Guest-WiFi;20:a6:cd:8e:9e:50;-85|eduroam;20:a6:cd:8e:9e:51;-86|eduroam;20:a6:cd:8e:9e:41;-86|DCU-Guest-WiFi;20:a6:cd:8e:a0:00;-77|DCU-Guest-WiFi;20:a6:cd:8e:a0:10;-82|eduroam;20:a6:cd:8e:a0:11;-82|eduroam;24:f2:7f:ac:d7:81;-66|DCU-Guest-WiFi;24:f2:7f:ac:d7:80;-64|eduroam;20:a6:cd:8e:9e:81;-89|DCU-Guest-WiFi;20:a6:cd:8e:9e:80;-88|DCU-Guest-WiFi;20:a6:cd:8e:9f:80;-66|eduroam;20:a6:cd:8e:9f:81;-67|eduroam;24:f2:7f:ac:d6:61;-87|DCU-Guest-WiFi;24:f2:7f:ac:d6:70;-88|eduroam;24:f2:7f:ac:d6:71;-87|eduroam;20:a6:cd:8e:9f:91;-67|DCU-Guest-WiFi;20:a6:cd:8e:9f:90;-67|
L101,1676399883,"eduroam",24:f2:7f:ac:d7:91,-56,eduroam;24:f2:7f:ac:d7:91;-56|DCU-Guest-WiFi;24:f2:7f:ac:d7:90;-57|DCU-Guest-WiFi;34:fc:b9:14:a7:d0;-88|eduroam;34:fc:b9:14:a7:d1;-87|DCU-Guest-WiFi;34:fc:b9:14:a7:c0;-82|DCU-Guest-WiFi;20:a6:cd:8e:9e:50;-86|eduroam;20:a6:cd:8e:9e:51;-86|DCU-Guest-WiFi;20:a6:cd:8e:9e:40;-86|DCU-Guest-WiFi;20:a6:cd:8e:a0:10;-82|eduroam;20:a6:cd:8e:a0:11;-82|eduroam;24:f2:7f:ac:d7:81;-63|DCU-Guest-WiFi;24:f2:7f:ac:d7:80;-63|eduroam;20:a6:cd:8e:9e:81;-86|DCU-Guest-WiFi;20:a6:cd:8e:9f:80;-66|eduroam;20:a6:cd:8e:9f:81;-66|eduroam;20:a6:cd:8e:9f:91;-68|DCU-Guest-WiFi;20:a6:cd:8e:9f:90;-68|
L101,1676399913,"eduroam",24:f2:7f:ac:d7:91,-56,eduroam;24:f2:7f:ac:d7:91;-56|DCU-Guest-WiFi;24:f2:7f:ac:d7:90;-56|DCU-Guest-WiFi;34:fc:b9:14:a7:d0;-87|eduroam;34:fc:b9:14:a7:d1;-86|DCU-Guest-WiFi;20:a6:cd:8e:9e:50;-85|eduroam;20:a6:cd:8e:9e:51;-84|eduroam;20:a6:cd:8e:9e:41;-85|DCU-Guest-WiFi;20:a6:cd:8e:a0:10;-82|eduroam;20:a6:cd:8e:a0:11;-82|eduroam;24:f2:7f:ac:d7:81;-64|DCU-Guest-WiFi;24:f2:7f:ac:d7:80;-63|DCU-Guest-WiFi;20:a6:cd:8e:9f:80;-66|eduroam;20:a6:cd:8e:9f:81;-67|DCU-Guest-WiFi;24:f2:7f:ac:d6:60;-87|eduroam;24:f2:7f:ac:d6:61;-86|DCU-Guest-WiFi;24:f2:7f:ac:d6:70;-87|eduroam;24:f2:7f:ac:d6:71;-87|eduroam;20:a6:cd:8e:9f:91;-68|DCU-Guest-WiFi;20:a6:cd:8e:9f:90;-68|
L101,1676399943,"eduroam",24:f2:7f:ac:d7:91,-56,eduroam;24:f2:7f:ac:d7:91;-51|DCU-Guest-WiFi;24:f2:7f:ac:d7:90;-53|DCU-Guest-WiFi;34:fc:b9:14:a7:d0;-79|eduroam;34:fc:b9:14:a7:d1;-79|DCU-Guest-WiFi;34:fc:b9:14:a7:c0;-77|DCU-Guest-WiFi;20:a6:cd:8e:9e:50;-77|eduroam;20:a6:cd:8e:9e:51;-75|eduroam;20:a6:cd:8e:9e:41;-77|DCU-Guest-WiFi;20:a6:cd:8e:9e:40;-77|DCU-Guest-WiFi;20:a6:cd:8e:a0:10;-77|eduroam;20:a6:cd:8e:a0:11;-78|eduroam;24:f2:7f:ac:d7:81;-56|DCU-Guest-WiFi;24:f2:7f:ac:d7:80;-57|DCU-Guest-WiFi;20:a6:cd:8e:9e:80;-85|eduroam;20:a6:cd:8e:9f:81;-72|DCU-Guest-WiFi;24:f2:7f:ac:d6:60;-77|eduroam;24:f2:7f:ac:d6:61;-78|DCU-Guest-WiFi;24:f2:7f:ac:d6:70;-78|eduroam;24:f2:7f:ac:d6:71;-79|eduroam;20:a6:cd:8e:9f:91;-67|DCU-Guest-WiFi;20:a6:cd:8e:9f:90;-67|
L101,1676399974,"eduroam",24:f2:7f:ac:d7:91,-56,eduroam;24:f2:7f:ac:d7:91;-50|DCU-Guest-WiFi;24:f2:7f:ac:d7:90;-51|DCU-Guest-WiFi;34:fc:b9:14:a7:d0;-74|eduroam;34:fc:b9:14:a7:d1;-74|DCU-Guest-WiFi;34:fc:b9:14:a7:c0;-76|DCU-Guest-WiFi;20:a6:cd:8e:9e:50;-71|eduroam;20:a6:cd:8e:9e:51;-71|DCU-Guest-WiFi;20:a6:cd:8e:a0:10;-78|eduroam;20:a6:cd:8e:a0:11;-77|eduroam;24:f2:7f:ac:d7:81;-57|DCU-Guest-WiFi;24:f2:7f:ac:d7:80;-58|eduroam;20:a6:cd:8e:9f:81;-69|DCU-Guest-WiFi;24:f2:7f:ac:d6:60;-75|eduroam;24:f2:7f:ac:d6:61;-76|DCU-Guest-WiFi;24:f2:7f:ac:d6:70;-77|eduroam;24:f2:7f:ac:d6:71;-77|eduroam;20:a6:cd:8e:9f:91;-71|DCU-Guest-WiFi;20:a6:cd:8e:9f:90;-71|
L101,1676400004,"eduroam",24:f2:7f:ac:d7:91,-56,eduroam;24:f2:7f:ac:d7:91;-50|DCU-Guest-WiFi;24:f2:7f:ac:d7:90;-50|DCU-Guest-WiFi;34:fc:b9:14:a7:d0;-75|eduroam;34:fc:b9:14:a7:d1;-74|eduroam;34:fc:b9:14:a7:c1;-75|DCU-Guest-WiFi;34:fc:b9:14:a7:c0;-75|DCU-Guest-WiFi;20:a6:cd:8e:9e:40;-83|eduroam;20:a6:cd:8e:a0:01;-79|DCU-Guest-WiFi;20:a6:cd:8e:a0:10;-77|eduroam;20:a6:cd:8e:a0:11;-77|eduroam;24:f2:7f:ac:d7:81;-58|DCU-Guest-WiFi;24:f2:7f:ac:d7:80;-58|eduroam;20:a6:cd:8e:9e:81;-88|DCU-Guest-WiFi;20:a6:cd:8e:9f:80;-76|eduroam;20:a6:cd:8e:9f:81;-75|DCU-Guest-WiFi;24:f2:7f:ac:d6:60;-80|eduroam;24:f2:7f:ac:d6:61;-79|DCU-Guest-WiFi;24:f2:7f:ac:d6:70;-78|eduroam;24:f2:7f:ac:d6:71;-78|eduroam;20:a6:cd:8e:9f:91;-71|DCU-Guest-WiFi;20:a6:cd:8e:9f:90;-71|
L101,1676400034,"eduroam",24:f2:7f:ac:d7:91,-56,eduroam;24:f2:7f:ac:d7:91;-57|DCU-Guest-WiFi;24:f2:7f:ac:d7:90;-61|DCU-Guest-WiFi;34:fc:b9:14:a7:d0;-74|eduroam;34:fc:b9:14:a7:d1;-74|eduroam;34:fc:b9:14:a7:c1;-76|DCU-Guest-WiFi;34:fc:b9:14:a7:c0;-76|DCU-Guest-WiFi;20:a6:cd:8e:a0:10;-78|eduroam;20:a6:cd:8e:a0:11;-78|eduroam;24:f2:7f:ac:d7:81;-57|DCU-Guest-WiFi;24:f2:7f:ac:d7:80;-56|DCU-Guest-WiFi;24:f2:7f:ac:d6:60;-77|eduroam;24:f2:7f:ac:d6:61;-78|DCU-Guest-WiFi;24:f2:7f:ac:d6:70;-76|eduroam;24:f2:7f:ac:d6:71;-75|eduroam;20:a6:cd:8e:9f:91;-71|DCU-Guest-WiFi;20:a6:cd:8e:9f:90;-71|
L101,1676400064,"eduroam",24:f2:7f:ac:d7:91,-56,eduroam;24:f2:7f:ac:d7:91;-57|DCU-Guest-WiFi;24:f2:7f:ac:d7:90;-58|DCU-Guest-WiFi;34:fc:b9:14:a7:d0;-80|eduroam;34:fc:b9:14:a7:d1;-80|eduroam;34:fc:b9:14:a7:c1;-80|eduroam;20:a6:cd:8e:9e:51;-76|eduroam;20:a6:cd:8e:9e:41;-79|DCU-Guest-WiFi;20:a6:cd:8e:9e:40;-80|DCU-Guest-WiFi;20:a6:cd:8e:a0:00;-85|DCU-Guest-WiFi;20:a6:cd:8e:a0:10;-83|eduroam;20:a6:cd:8e:a0:11;-82|eduroam;24:f2:7f:ac:d7:81;-62|DCU-Guest-WiFi;24:f2:7f:ac:d7:80;-61|DCU-Guest-WiFi;20:a6:cd:8e:9e:90;-90|eduroam;20:a6:cd:8e:9e:81;-86|DCU-Guest-WiFi;20:a6:cd:8e:9e:80;-86|DCU-Guest-WiFi;24:f2:7f:ac:d6:60;-84|DCU-Guest-WiFi;24:f2:7f:ac:d6:70;-81|eduroam;24:f2:7f:ac:d6:71;-80|eduroam;20:a6:cd:8e:9f:91;-75|DCU-Guest-WiFi;20:a6:cd:8e:9f:90;-75|
L101,1676400094,"eduroam",24:f2:7f:ac:d7:91,-56,eduroam;24:f2:7f:ac:d7:91;-58|DCU-Guest-WiFi;24:f2:7f:ac:d7:90;-58|DCU-Guest-WiFi;34:fc:b9:14:a7:d0;-80|eduroam;34:fc:b9:14:a7:d1;-79|eduroam;20:a6:cd:8e:9e:41;-82|DCU-Guest-WiFi;20:a6:cd:8e:9e:40;-83|DCU-Guest-WiFi;20:a6:cd:8e:a0:10;-84|eduroam;20:a6:cd:8e:a0:11;-83|eduroam;24:f2:7f:ac:d7:81;-64|DCU-Guest-WiFi;24:f2:7f:ac:d7:80;-59|eduroam;20:a6:cd:8e:9f:81;-69|DCU-Guest-WiFi;24:f2:7f:ac:d6:60;-84|DCU-Guest-WiFi;24:f2:7f:ac:d6:70;-81|eduroam;24:f2:7f:ac:d6:71;-81|eduroam;20:a6:cd:8e:9f:91;-74|DCU-Guest-WiFi;20:a6:cd:8e:9f:90;-75|
L101,1676400124,"eduroam",24:f2:7f:ac:d7:91,-56,eduroam;24:f2:7f:ac:d7:91;-58|DCU-Guest-WiFi;24:f2:7f:ac:d7:90;-58|DCU-Guest-WiFi;34:fc:b9:14:a7:d0;-80|eduroam;34:fc:b9:14:a7:d1;-79|eduroam;20:a6:cd:8e:9e:41;-78|DCU-Guest-WiFi;20:a6:cd:8e:9e:40;-78|DCU-Guest-WiFi;20:a6:cd:8e:a0:10;-82|eduroam;20:a6:cd:8e:a0:11;-83|DCU-Guest-WiFi;24:f2:7f:ac:d7:80;-63|DCU-Guest-WiFi;20:a6:cd:8e:9e:90;-88|eduroam;20:a6:cd:8e:9e:91;-89|eduroam;20:a6:cd:8e:9e:81;-81|DCU-Guest-WiFi;20:a6:cd:8e:9e:80;-84|eduroam;20:a6:cd:8e:9f:81;-69|DCU-Guest-WiFi;24:f2:7f:ac:d6:70;-81|eduroam;24:f2:7f:ac:d6:71;-81|eduroam;20:a6:cd:8e:9f:91;-74|DCU-Guest-WiFi;20:a6:cd:8e:9f:90;-74|
L101,1676400177,"eduroam",24:f2:7f:ac:d7:91,-64,eduroam;24:f2:7f:ac:d7:91;-58|DCU-Guest-WiFi;24:f2:7f:ac:d7:90;-57|eduroam;34:fc:b9:14:a7:d1;-81|DCU-Guest-WiFi;20:a6:cd:8e:9e:50;-85|eduroam;20:a6:cd:8e:9e:51;-84|DCU-Guest-WiFi;20:a6:cd:8e:a0:10;-82|eduroam;20:a6:cd:8e:a0:11;-82|eduroam;24:f2:7f:ac:d7:81;-62|DCU-Guest-WiFi;24:f2:7f:ac:d7:80;-62|DCU-Guest-WiFi;20:a6:cd:8e:9f:80;-69|DCU-Guest-WiFi;24:f2:7f:ac:d6:60;-83|DCU-Guest-WiFi;24:f2:7f:ac:d6:70;-81|eduroam;24:f2:7f:ac:d6:71;-81|eduroam;20:a6:cd:8e:9f:91;-74|DCU-Guest-WiFi;20:a6:cd:8e:9f:90;-75|DCU-Guest-WiFi;e8:26:89:4e:b7:a0;-90|
L101,1676400208,"eduroam",24:f2:7f:ac:d7:91,-64,eduroam;24:f2:7f:ac:d7:91;-57|DCU-Guest-WiFi;24:f2:7f:ac:d7:90;-58|DCU-Guest-WiFi;34:fc:b9:14:a7:d0;-81|eduroam;34:fc:b9:14:a7:d1;-80|eduroam;34:fc:b9:14:a7:c1;-80|DCU-Guest-WiFi;34:fc:b9:14:a7:c0;-82|DCU-Guest-WiFi;20:a6:cd:8e:9e:50;-80|eduroam;20:a6:cd:8e:9e:51;-79|DCU-Guest-WiFi;20:a6:cd:8e:9e:40;-79|DCU-Guest-WiFi;20:a6:cd:8e:a0:10;-82|eduroam;20:a6:cd:8e:a0:11;-82|eduroam;24:f2:7f:ac:d7:81;-62|DCU-Guest-WiFi;24:f2:7f:ac:d7:80;-62|DCU-Guest-WiFi;20:a6:cd:8e:9f:80;-72|eduroam;20:a6:cd:8e:9f:81;-72|DCU-Guest-WiFi;24:f2:7f:ac:d6:60;-82|eduroam;24:f2:7f:ac:d6:61;-77|DCU-Guest-WiFi;24:f2:7f:ac:d6:70;-82|eduroam;24:f2:7f:ac:d6:71;-80|eduroam;20:a6:cd:8e:9f:91;-81|DCU-Guest-WiFi;20:a6:cd:8e:9f:90;-75|
L101,1676400238,"eduroam",24:f2:7f:ac:d7:91,-64,eduroam;24:f2:7f:ac:d7:91;-48|DCU-Guest-WiFi;24:f2:7f:ac:d7:90;-52|DCU-Guest-WiFi;34:fc:b9:14:a7:d0;-80|eduroam;34:fc:b9:14:a7:d1;-80|DCU-Guest-WiFi;34:fc:b9:14:a7:c0;-81|DCU-Guest-WiFi;20:a6:cd:8e:9e:50;-82|eduroam;20:a6:cd:8e:9e:51;-81|eduroam;20:a6:cd:8e:9e:41;-80|DCU-Guest-WiFi;20:a6:cd:8e:a0:10;-84|eduroam;20:a6:cd:8e:a0:11;-84|eduroam;24:f2:7f:ac:d7:81;-61|DCU-Guest-WiFi;24:f2:7f:ac:d7:80;-62|DCU-Guest-WiFi;20:a6:cd:8e:9e:90;-89|eduroam;20:a6:cd:8e:9e:91;-89|DCU-Guest-WiFi;20:a6:cd:8e:9f:80;-68|DCU-Guest-WiFi;24:f2:7f:ac:d6:60;-82|DCU-Guest-WiFi;24:f2:7f:ac:d6:70;-81|eduroam;24:f2:7f:ac:d6:71;-81|eduroam;20:a6:cd:8e:9f:91;-76|DCU-Guest-WiFi;20:a6:cd:8e:9f:90;-76|DCU-Guest-WiFi;e8:26:89:4e:b7:a0;-90|
L101,1676400268,"eduroam",24:f2:7f:ac:d7:91,-64,eduroam;24:f2:7f:ac:d7:91;-44|DCU-Guest-WiFi;24:f2:7f:ac:d7:90;-44|DCU-Guest-WiFi;34:fc:b9:14:a7:d0;-77|eduroam;34:fc:b9:14:a7:d1;-76|DCU-Guest-WiFi;20:a6:cd:8e:9e:50;-68|eduroam;20:a6:cd:8e:9e:51;-68|eduroam;20:a6:cd:8e:a0:01;-77|DCU-Guest-WiFi;20:a6:cd:8e:a0:00;-78|DCU-Guest-WiFi;20:a6:cd:8e:a0:10;-82|eduroam;20:a6:cd:8e:a0:11;-82|eduroam;24:f2:7f:ac:d7:81;-44|DCU-Guest-WiFi;24:f2:7f:ac:d7:80;-44|DCU-Guest-WiFi;24:f2:7f:ac:d6:60;-71|eduroam;24:f2:7f:ac:d6:61;-72|DCU-Guest-WiFi;24:f2:7f:ac:d6:70;-73|eduroam;24:f2:7f:ac:d6:71;-74|eduroam;20:a6:cd:8e:9f:91;-75|DCU-Guest-WiFi;20:a6:cd:8e:9f:90;-75|
L101,1676400298,"eduroam",24:f2:7f:ac:d7:91,-64,eduroam;24:f2:7f:ac:d7:91;-50|DCU-Guest-WiFi;24:f2:7f:ac:d7:90;-54|DCU-Guest-WiFi;34:fc:b9:14:a7:d0;-79|eduroam;34:fc:b9:14:a7:d1;-79|eduroam;34:fc:b9:14:a7:c1;-79|DCU-Guest-WiFi;34:fc:b9:14:a7:c0;-79|DCU-Guest-WiFi;20:a6:cd:8e:9e:50;-69|eduroam;20:a6:cd:8e:9e:51;-69|DCU-Guest-WiFi;20:a6:cd:8e:a0:10;-82|eduroam;20:a6:cd:8e:a0:11;-81|eduroam;24:f2:7f:ac:d7:81;-43|DCU-Guest-WiFi;24:f2:7f:ac:d7:80;-43|DCU-Guest-WiFi;20:a6:cd:8e:9f:80;-74|DCU-Guest-WiFi;24:f2:7f:ac:d6:60;-67|eduroam;24:f2:7f:ac:d6:61;-68|DCU-Guest-WiFi;24:f2:7f:ac:d6:70;-73|eduroam;24:f2:7f:ac:d6:71;-73|eduroam;20:a6:cd:8e:9f:91;-75|DCU-Guest-WiFi;20:a6:cd:8e:9f:90;-75|
L101,1676400328,"eduroam",24:f2:7f:ac:d7:91,-64,eduroam;24:f2:7f:ac:d7:91;-53|DCU-Guest-WiFi;24:f2:7f:ac:d7:90;-52|DCU-Guest-WiFi;34:fc:b9:14:a7:d0;-79|eduroam;34:fc:b9:14:a7:c1;-74|DCU-Guest-WiFi;34:fc:b9:14:a7:c0;-75|DCU-Guest-WiFi;20:a6:cd:8e:9e:50;-59|eduroam;20:a6:cd:8e:9e:51;-59|eduroam;20:a6:cd:8e:9e:41;-60|DCU-Guest-WiFi;20:a6:cd:8e:9e:40;-58|DCU-Guest-WiFi;20:a6:cd:8e:a0:10;-84|eduroam;20:a6:cd:8e:a0:11;-84|eduroam;24:f2:7f:ac:d7:81;-62|DCU-Guest-WiFi;24:f2:7f:ac:d7:80;-62|DCU-Guest-WiFi;20:a6:cd:8e:9e:90;-86|eduroam;20:a6:cd:8e:9e:91;-86|DCU-Guest-WiFi;20:a6:cd:8e:9f:80;-83|DCU-Guest-WiFi;24:f2:7f:ac:d6:60;-67|eduroam;24:f2:7f:ac:d6:61;-68|DCU-Guest-WiFi;24:f2:7f:ac:d6:70;-69|eduroam;24:f2:7f:ac:d6:71;-69|eduroam;20:a6:cd:8e:bd:51;-90|eduroam;20:a6:cd:8e:9f:91;-86|DCU-Guest-WiFi;20:a6:cd:8e:9f:90;-86|eduroam;24:f2:7f:ac:dd:91;-87|DCU-Guest-WiFi;24:f2:7f:ac:dd:90;-87|
L101,1676400358,"eduroam",24:f2:7f:ac:d7:91,-64,eduroam;24:f2:7f:ac:d7:91;-52|DCU-Guest-WiFi;24:f2:7f:ac:d7:90;-53|DCU-Guest-WiFi;34:fc:b9:14:a7:d0;-80|eduroam;34:fc:b9:14:a7:d1;-80|eduroam;34:fc:b9:14:a7:c1;-72|DCU-Guest-WiFi;34:fc:b9:14:a7:c0;-72|DCU-Guest-WiFi;20:a6:cd:8e:9e:50;-61|eduroam;20:a6:cd:8e:9e:51;-59|eduroam;20:a6:cd:8e:9e:41;-61|DCU-Guest-WiFi;20:a6:cd:8e:9e:40;-62|DCU-Guest-WiFi;20:a6:cd:8e:a0:10;-84|eduroam;20:a6:cd:8e:a0:11;-85|DCU-Guest-WiFi;24:f2:7f:ac:d7:80;-62|DCU-Guest-WiFi;20:a6:cd:8e:9e:90;-86|eduroam;20:a6:cd:8e:9e:91;-87|DCU-Guest-WiFi;20:a6:cd:8e:9e:80;-84|DCU-Guest-WiFi;e8:26:89:4e:b7:b0;-89|DCU-Guest-WiFi;24:f2:7f:ac:d6:60;-70|DCU-Guest-WiFi;24:f2:7f:ac:d6:70;-69|eduroam;24:f2:7f:ac:d6:71;-69|eduroam;20:a6:cd:8e:bd:51;-88|DCU-Guest-WiFi;20:a6:cd:8e:bd:50;-88|eduroam;20:a6:cd:8e:9f:91;-85|DCU-Guest-WiFi;20:a6:cd:8e:9f:90;-87|eduroam;24:f2:7f:ac:dd:91;-87|DCU-Guest-WiFi;24:f2:7f:ac:dd:90;-87|
L101,1676400388,"eduroam",24:f2:7f:ac:d7:91,-64,eduroam;24:f2:7f:ac:d7:91;-53|DCU-Guest-WiFi;24:f2:7f:ac:d7:90;-52|DCU-Guest-WiFi;34:fc:b9:14:a7:d0;-75|eduroam;34:fc:b9:14:a7:d1;-75|eduroam;34:fc:b9:14:a7:c1;-72|DCU-Guest-WiFi;34:fc:b9:14:a7:c0;-73|DCU-Guest-WiFi;20:a6:cd:8e:9e:50;-65|eduroam;20:a6:cd:8e:9e:51;-65|eduroam;20:a6:cd:8e:9e:41;-66|DCU-Guest-WiFi;20:a6:cd:8e:9e:40;-67|DCU-Guest-WiFi;20:a6:cd:8e:a0:10;-88|eduroam;24:f2:7f:ac:d7:81;-61|DCU-Guest-WiFi;24:f2:7f:ac:d7:80;-63|DCU-Guest-WiFi;20:a6:cd:8e:9e:90;-83|eduroam;20:a6:cd:8e:9e:91;-82|DCU-Guest-WiFi;20:a6:cd:8e:9e:80;-71|eduroam;20:a6:cd:8e:9f:81;-79|DCU-Guest-WiFi;24:f2:7f:ac:d6:60;-76|eduroam;24:f2:7f:ac:d6:61;-77|DCU-Guest-WiFi;24:f2:7f:ac:d6:70;-77|eduroam;24:f2:7f:ac:d6:71;-77|eduroam;20:a6:cd:8e:9f:91;-82|DCU-Guest-WiFi;20:a6:cd:8e:9f:90;-83|
L101,1676400418,"eduroam",24:f2:7f:ac:d7:91,-64,eduroam;24:f2:7f:ac:d7:91;-62|DCU-Guest-WiFi;24:f2:7f:ac:d7:90;-64|DCU-Guest-WiFi;34:fc:b9:14:a7:d0;-73|eduroam;34:fc:b9:14:a7:d1;-73|eduroam;34:fc:b9:14:a7:c1;-73|DCU-Guest-WiFi;34:fc:b9:14:a7:c0;-73|DCU-Guest-WiFi;20:a6:cd:8e:9e:50;-71|eduroam;20:a6:cd:8e:9e:51;-71|eduroam;20:a6:cd:8e:9e:41;-71|DCU-Guest-WiFi;20:a6:cd:8e:a0:10;-85|eduroam;20:a6:cd:8e:a0:11;-85|eduroam;24:f2:7f:ac:d7:81;-64|DCU-Guest-WiFi;24:f2:7f:ac:d7:80;-63|DCU-Guest-WiFi;20:a6:cd:8e:9e:90;-84|eduroam;20:a6:cd:8e:9e:91;-83|DCU-Guest-WiFi;24:f2:7f:ac:d6:60;-73|eduroam;e8:26:89:4e:b7:b1;-89|DCU-Guest-WiFi;24:f2:7f:ac:d6:70;-76|eduroam;24:f2:7f:ac:d6:71;-76|eduroam;20:a6:cd:8e:9f:91;-80|DCU-Guest-WiFi;20:a6:cd:8e:9f:90;-80|DCU-Guest-WiFi;20:a6:cd:8e:bd:40;-88|
L101,1676400448,"eduroam",24:f2:7f:ac:d7:91,-64,eduroam;24:f2:7f:ac:d7:91;-64|DCU-Guest-WiFi;24:f2:7f:ac:d7:90;-64|DCU-Guest-WiFi;34:fc:b9:14:a7:d0;-73|eduroam;34:fc:b9:14:a7:d1;-73|DCU-Guest-WiFi;34:fc:b9:14:a7:c0;-60|DCU-Guest-WiFi;20:a6:cd:8e:9e:50;-72|eduroam;20:a6:cd:8e:9e:51;-71|eduroam;20:a6:cd:8e:9e:41;-71|DCU-Guest-WiFi;20:a6:cd:8e:9e:40;-71|DCU-Guest-WiFi;20:a6:cd:8e:a0:10;-85|eduroam;20:a6:cd:8e:a0:11;-85|eduroam;24:f2:7f:ac:d7:81;-66|DCU-Guest-WiFi;24:f2:7f:ac:d7:80;-65|DCU-Guest-WiFi;20:a6:cd:8e:9e:90;-84|eduroam;20:a6:cd:8e:9e:91;-83|eduroam;20:a6:cd:8e:9e:81;-70|DCU-Guest-WiFi;24:f2:7f:ac:d6:70;-77|eduroam;24:f2:7f:ac:d6:71;-77|eduroam;20:a6:cd:8e:9f:91;-79|DCU-Guest-WiFi;20:a6:cd:8e:9f:90;-79|
L101,1676400478,"eduroam",24:f2:7f:ac:d7:91,-64,eduroam;24:f2:7f:ac:d7:91;-64|DCU-Guest-WiFi;24:f2:7f:ac:d7:90;-64|DCU-Guest-WiFi;34:fc:b9:14:a7:d0;-72|eduroam;34:fc:b9:14:a7:d1;-73|eduroam;34:fc:b9:14:a7:c1;-61|DCU-Guest-WiFi;34:fc:b9:14:a7:c0;-57|DCU-Guest-WiFi;20:a6:cd:8e:9e:50;-69|eduroam;20:a6:cd:8e:9e:51;-68|eduroam;20:a6:cd:8e:9e:41;-63|DCU-Guest-WiFi;20:a6:cd:8e:9e:40;-71|DCU-Guest-WiFi;20:a6:cd:8e:a0:10;-86|eduroam;20:a6:cd:8e:a0:11;-84|DCU-Guest-WiFi;24:f2:7f:ac:d7:80;-65|DCU-Guest-WiFi;20:a6:cd:8e:9e:90;-84|eduroam;20:a6:cd:8e:9e:91;-84|DCU-Guest-WiFi;20:a6:cd:8e:9e:80;-71|DCU-Guest-WiFi;24:f2:7f:ac:d6:60;-76|eduroam;24:f2:7f:ac:d6:61;-76|DCU-Guest-WiFi;24:f2:7f:ac:d6:70;-77|eduroam;24:f2:7f:ac:d6:71;-76|eduroam;20:a6:cd:8e:9f:91;-83|DCU-Guest-WiFi;20:a6:cd:8e:9f:90;-79|
L101,1676400508,"eduroam",24:f2:7f:ac:d7:91,-64,eduroam;24:f2:7f:ac:d7:91;-61|DCU-Guest-WiFi;24:f2:7f:ac:d7:90;-63|DCU-Guest-WiFi;34:fc:b9:14:a7:d0;-72|eduroam;34:fc:b9:14:a7:d1;-72|DCU-Guest-WiFi;34:fc:b9:14:a7:c0;-60|DCU-Guest-WiFi;20:a6:cd:8e:9e:50;-72|eduroam;20:a6:cd:8e:9e:51;-71|eduroam;20:a6:cd:8e:9e:41;-70|DCU-Guest-WiFi;20:a6:cd:8e:9e:40;-72|DCU-Guest-WiFi;20:a6:cd:8e:a0:10;-85|eduroam;20:a6:cd:8e:a0:11;-86|eduroam;24:f2:7f:ac:d7:81;-65|DCU-Guest-WiFi;24:f2:7f:ac:d7:80;-64|DCU-Guest-WiFi;20:a6:cd:8e:9e:90;-83|eduroam;20:a6:cd:8e:9e:91;-83|DCU-Guest-WiFi;20:a6:cd:8e:9f:80;-82|eduroam;20:a6:cd:8e:9f:81;-81|DCU-Guest-WiFi;24:f2:7f:ac:d6:60;-73|eduroam;24:f2:7f:ac:d6:61;-75|DCU-Guest-WiFi;24:f2:7f:ac:d6:70;-76|eduroam;24:f2:7f:ac:d6:71;-76|eduroam;20:a6:cd:8e:9f:91;-79|DCU-Guest-WiFi;20:a6:cd:8e:9f:90;-78|
L101,1676400538,"eduroam",24:f2:7f:ac:d7:91,-64,eduroam;24:f2:7f:ac:d7:91;-62|DCU-Guest-WiFi;24:f2:7f:ac:d7:90;-62|DCU-Guest-WiFi;34:fc:b9:14:a7:d0;-71|eduroam;34:fc:b9:14:a7:d1;-71|eduroam;34:fc:b9:14:a7:c1;-57|DCU-Guest-WiFi;34:fc:b9:14:a7:c0;-62|DCU-Guest-WiFi;20:a6:cd:8e:9e:50;-72|eduroam;20:a6:cd:8e:9e:51;-71|eduroam;20:a6:cd:8e:9e:41;-74|DCU-Guest-WiFi;20:a6:cd:8e:9e:40;-64|DCU-Guest-WiFi;20:a6:cd:8e:a0:00;-82|DCU-Guest-WiFi;20:a6:cd:8e:a0:10;-86|eduroam;20:a6:cd:8e:a0:11;-85|DCU-Guest-WiFi;24:f2:7f:ac:d7:80;-65|DCU-Guest-WiFi;20:a6:cd:8e:9e:90;-83|eduroam;20:a6:cd:8e:9e:91;-84|eduroam;20:a6:cd:8e:9e:81;-72|DCU-Guest-WiFi;20:a6:cd:8e:9e:80;-72|DCU-Guest-WiFi;20:a6:cd:8e:9f:80;-83|DCU-Guest-WiFi;24:f2:7f:ac:d6:60;-57|eduroam;24:f2:7f:ac:d6:61;-75|DCU-Guest-WiFi;24:f2:7f:ac:d6:70;-76|eduroam;24:f2:7f:ac:d6:71;-76|eduroam;20:a6:cd:8e:9f:91;-79|DCU-Guest-WiFi;20:a6:cd:8e:9f:90;-79|
L101,1676400568,"eduroam",24:f2:7f:ac:d7:91,-64,eduroam;24:f2:7f:ac:d7:91;-62|DCU-Guest-WiFi;24:f2:7f:ac:d7:90;-62|DCU-Guest-WiFi;34:fc:b9:14:a7:d0;-72|eduroam;34:fc:b9:14:a7:d1;-72|eduroam;34:fc:b9:14:a7:c1;-62|DCU-Guest-WiFi;34:fc:b9:14:a7:c0;-62|DCU-Guest-WiFi;20:a6:cd:8e:9e:50;-71|eduroam;20:a6:cd:8e:9e:51;-71|eduroam;20:a6:cd:8e:9e:41;-70|DCU-Guest-WiFi;20:a6:cd:8e:a0:10;-85|eduroam;20:a6:cd:8e:a0:11;-86|eduroam;24:f2:7f:ac:d7:81;-65|DCU-Guest-WiFi;24:f2:7f:ac:d7:80;-66|DCU-Guest-WiFi;20:a6:cd:8e:9e:90;-83|eduroam;20:a6:cd:8e:9e:91;-84|DCU-Guest-WiFi;20:a6:cd:8e:9f:80;-82|DCU-Guest-WiFi;24:f2:7f:ac:d6:60;-73|eduroam;24:f2:7f:ac:d6:61;-75|DCU-Guest-WiFi;24:f2:7f:ac:d6:70;-76|eduroam;24:f2:7f:ac:d6:71;-76|eduroam;20:a6:cd:8e:9f:91;-79|DCU-Guest-WiFi;20:a6:cd:8e:9f:90;-78|
L101,1676400598,"eduroam",24:f2:7f:ac:d7:91,-64,eduroam;24:f2:7f:ac:d7:91;-62|DCU-Guest-WiFi;24:f2:7f:ac:d7:90;-62|DCU-Guest-WiFi;34:fc:b9:14:a7:d0;-71|eduroam;34:fc:b9:14:a7:d1;-71|eduroam;34:fc:b9:14:a7:c1;-62|DCU-Guest-WiFi;34:fc:b9:14:a7:c0;-62|DCU-Guest-WiFi;20:a6:cd:8e:9e:50;-71|eduroam;20:a6:cd:8e:9e:51;-71|eduroam;20:a6:cd:8e:9e:41;-70|DCU-Guest-WiFi;20:a6:cd:8e:a0:10;-86|eduroam;20:a6:cd:8e:a0:11;-84|eduroam;24:f2:7f:ac:d7:81;-65|DCU-Guest-WiFi;24:f2:7f:ac:d7:80;-65|DCU-Guest-WiFi;20:a6:cd:8e:9e:90;-83|eduroam;20:a6:cd:8e:9e:91;-83|eduroam;20:a6:cd:8e:9e:81;-70|DCU-Guest-WiFi;20:a6:cd:8e:9e:80;-70|DCU-Guest-WiFi;20:a6:cd:8e:9f:80;-81|eduroam;24:f2:7f:ac:d6:61;-72|DCU-Guest-WiFi;24:f2:7f:ac:d6:70;-76|eduroam;24:f2:7f:ac:d6:71;-76|eduroam;20:a6:cd:8e:9f:91;-80|DCU-Guest-WiFi;20:a6:cd:8e:9f:90;-79|
L101,1676400749,"eduroam",24:f2:7f:ac:d7:91,-57,eduroam;24:f2:7f:ac:d7:91;-64|DCU-Guest-WiFi;24:f2:7f:ac:d7:90;-65|DCU-Guest-WiFi;34:fc:b9:14:a7:d0;-84|eduroam;34:fc:b9:14:a7:d1;-85|DCU-Guest-WiFi;34:fc:b9:14:a7:c0;-80|DCU-Guest-WiFi;20:a6:cd:8e:9e:50;-71|eduroam;20:a6:cd:8e:9e:51;-71|eduroam;20:a6:cd:8e:9e:41;-72|DCU-Guest-WiFi;20:a6:cd:8e:9e:40;-71|eduroam;24:f2:7f:ac:d7:81;-68|DCU-Guest-WiFi;24:f2:7f:ac:d7:80;-67|DCU-Guest-WiFi;20:a6:cd:8e:9e:90;-80|eduroam;20:a6:cd:8e:9e:91;-79|eduroam;20:a6:cd:8e:9e:81;-73|DCU-Guest-WiFi;20:a6:cd:8e:9e:80;-73|DCU-Guest-WiFi;24:f2:7f:ac:d6:70;-82|eduroam;24:f2:7f:ac:d6:71;-82|eduroam;20:a6:cd:8e:9f:91;-85|DCU-Guest-WiFi;20:a6:cd:8e:9f:90;-84|
L101,1676400779,"eduroam",24:f2:7f:ac:d7:91,-57,eduroam;24:f2:7f:ac:d7:91;-61|DCU-Guest-WiFi;24:f2:7f:ac:d7:90;-61|DCU-Guest-WiFi;34:fc:b9:14:a7:d0;-70|eduroam;34:fc:b9:14:a7:d1;-71|eduroam;34:fc:b9:14:a7:c1;-68|DCU-Guest-WiFi;34:fc:b9:14:a7:c0;-69|DCU-Guest-WiFi;20:a6:cd:8e:9e:50;-67|eduroam;20:a6:cd:8e:9e:51;-67|DCU-Guest-WiFi;20:a6:cd:8e:9e:40;-74|DCU-Guest-WiFi;20:a6:cd:8e:a0:10;-87|eduroam;20:a6:cd:8e:a0:11;-87|eduroam;24:f2:7f:ac:d7:81;-68|DCU-Guest-WiFi;24:f2:7f:ac:d7:80;-67|DCU-Guest-WiFi;20:a6:cd:8e:9e:90;-75|eduroam;20:a6:cd:8e:9e:91;-76|eduroam;20:a6:cd:8e:9e:81;-82|DCU-Guest-WiFi;20:a6:cd:8e:9e:80;-75|DCU-Guest-WiFi;24:f2:7f:ac:d6:60;-81|DCU-Guest-WiFi;24:f2:7f:ac:d6:70;-81|eduroam;24:f2:7f:ac:d6:71;-80|eduroam;20:a6:cd:8e:9f:91;-74|DCU-Guest-WiFi;20:a6:cd:8e:9f:90;-75|DCU-Guest-WiFi;20:a6:cd:8e:bd:40;-89|
L101,1676400809,"eduroam",24:f2:7f:ac:d7:91,-57,eduroam;24:f2:7f:ac:d7:91;-61|DCU-Guest-WiFi;24:f2:7f:ac:d7:90;-62|DCU-Guest-WiFi;34:fc:b9:14:a7:d0;-80|eduroam;34:fc:b9:14:a7:c1;-72|DCU-Guest-WiFi;34:fc:b9:14:a7:c0;-73|DCU-Guest-WiFi;20:a6:cd:8e:9e:50;-67|eduroam;20:a6:cd:8e:9e:51;-66|DCU-Guest-WiFi;20:a6:cd:8e:9e:40;-77|DCU-Guest-WiFi;20:a6:cd:8e:a0:10;-87|eduroam;20:a6:cd:8e:a0:11;-87|eduroam;24:f2:7f:ac:d7:81;-68|DCU-Guest-WiFi;24:f2:7f:ac:d7:80;-68|DCU-Guest-WiFi;20:a6:cd:8e:9e:90;-76|eduroam;20:a6:cd:8e:9e:91;-76|eduroam;20:a6:cd:8e:9e:81;-75|DCU-Guest-WiFi;24:f2:7f:ac:d6:60;-82|DCU-Guest-WiFi;24:f2:7f:ac:d6:70;-77|eduroam;24:f2:7f:ac:d6:71;-76|eduroam;20:a6:cd:8e:9f:91;-84|DCU-Guest-WiFi;20:a6:cd:8e:9f:90;-86|
L101,1676400839,"eduroam",24:f2:7f:ac:d7:91,-57,eduroam;24:f2:7f:ac:d7:91;-62|DCU-Guest-WiFi;24:f2:7f:ac:d7:90;-62|DCU-Guest-WiFi;34:fc:b9:14:a7:d0;-79|eduroam;34:fc:b9:14:a7:d1;-79|DCU-Guest-WiFi;20:a6:cd:8e:9e:50;-66|eduroam;20:a6:cd:8e:9e:51;-66|eduroam;20:a6:cd:8e:9e:41;-77|DCU-Guest-WiFi;20:a6:cd:8e:a0:00;-84|DCU-Guest-WiFi;20:a6:cd:8e:a0:10;-86|eduroam;20:a6:cd:8e:a0:11;-87|eduroam;24:f2:7f:ac:d7:81;-68|DCU-Guest-WiFi;24:f2:7f:ac:d7:80;-68|DCU-Guest-WiFi;20:a6:cd:8e:9e:90;-76|eduroam;20:a6:cd:8e:9e:91;-76|eduroam;20:a6:cd:8e:9e:81;-77|DCU-Guest-WiFi;24:f2:7f:ac:d6:60;-80|eduroam;24:f2:7f:ac:d6:61;-80|DCU-Guest-WiFi;24:f2:7f:ac:d6:70;-77|eduroam;24:f2:7f:ac:d6:71;-77|eduroam;20:a6:cd:8e:9f:91;-82|DCU-Guest-WiFi;20:a6:cd:8e:9f:90;-81|DCU-Guest-WiFi;e8:26:89:4e:b7:a0;-87|
L101,1676400870,"eduroam",24:f2:7f:ac:d7:91,-57,eduroam;24:f2:7f:ac:d7:91;-60|DCU-Guest-WiFi;24:f2:7f:ac:d7:90;-61|DCU-Guest-WiFi;34:fc:b9:14:a7:d0;-80|eduroam;34:fc:b9:14:a7:d1;-81|eduroam;34:fc:b9:14:a7:c1;-71|DCU-Guest-WiFi;34:fc:b9:14:a7:c0;-71|DCU-Guest-WiFi;20:a6:cd:8e:9e:50;-66|eduroam;20:a6:cd:8e:9e:51;-67|eduroam;20:a6:cd:8e:9e:41;-78|DCU-Guest-WiFi;20:a6:cd:8e:a0:10;-86|eduroam;20:a6:cd:8e:a0:11;-85|eduroam;24:f2:7f:ac:d7:81;-67|DCU-Guest-WiFi;24:f2:7f:ac:d7:80;-69|DCU-Guest-WiFi;20:a6:cd:8e:9e:90;-76|eduroam;20:a6:cd:8e:9e:91;-76|DCU-Guest-WiFi;24:f2:7f:ac:d6:60;-80|DCU-Guest-WiFi;24:f2:7f:ac:d6:70;-78|eduroam;24:f2:7f:ac:d6:71;-76|eduroam;20:a6:cd:8e:9f:91;-81|DCU-Guest-WiFi;20:a6:cd:8e:9f:90;-82|
L101,1676400900,"eduroam",24:f2:7f:ac:d7:91,-57,eduroam;24:f2:7f:ac:d7:91;-62|DCU-Guest-WiFi;24:f2:7f:ac:d7:90;-62|DCU-Guest-WiFi;34:fc:b9:14:a7:d0;-80|eduroam;34:fc:b9:14:a7:d1;-79|eduroam;34:fc:b9:14:a7:c1;-75|DCU-Guest-WiFi;34:fc:b9:14:a7:c0;-76|DCU-Guest-WiFi;20:a6:cd:8e:9e:50;-66|eduroam;20:a6:cd:8e:9e:51;-66|eduroam;20:a6:cd:8e:9e:41;-77|DCU-Guest-WiFi;20:a6:cd:8e:9e:40;-77|DCU-Guest-WiFi;20:a6:cd:8e:a0:10;-87|eduroam;20:a6:cd:8e:a0:11;-88|eduroam;24:f2:7f:ac:d7:81;-69|DCU-Guest-WiFi;24:f2:7f:ac:d7:80;-68|DCU-Guest-WiFi;20:a6:cd:8e:9e:90;-77|eduroam;20:a6:cd:8e:9e:91;-77|eduroam;20:a6:cd:8e:9e:81;-81|DCU-Guest-WiFi;20:a6:cd:8e:9e:80;-76|DCU-Guest-WiFi;20:a6:cd:8e:9f:80;-81|eduroam;20:a6:cd:8e:9f:81;-80|DCU-Guest-WiFi;24:f2:7f:ac:d6:70;-77|eduroam;24:f2:7f:ac:d6:71;-77|eduroam;20:a6:cd:8e:9f:91;-81|DCU-Guest-WiFi;20:a6:cd:8e:9f:90;-81|
L101,1676400930,"eduroam",24:f2:7f:ac:d7:91,-57,eduroam;24:f2:7f:ac:d7:91;-61|DCU-Guest-WiFi;24:f2:7f:ac:d7:90;-63|DCU-Guest-WiFi;34:fc:b9:14:a7:d0;-79|eduroam;34:fc:b9:14:a7:d1;-78|DCU-Guest-WiFi;34:fc:b9:14:a7:c0;-71|DCU-Guest-WiFi;20:a6:cd:8e:9e:50;-67|eduroam;20:a6:cd:8e:9e:51;-67|eduroam;20:a6:cd:8e:9e:41;-78|DCU-Guest-WiFi;20:a6:cd:8e:a0:10;-87|eduroam;20:a6:cd:8e:a0:11;-87|eduroam;24:f2:7f:ac:d7:81;-69|DCU-Guest-WiFi;24:f2:7f:ac:d7:80;-68|DCU-Guest-WiFi;20:a6:cd:8e:9e:90;-77|eduroam;20:a6:cd:8e:9e:91;-77|DCU-Guest-WiFi;20:a6:cd:8e:9e:80;-77|DCU-Guest-WiFi;24:f2:7f:ac:d6:70;-77|eduroam;24:f2:7f:ac:d6:71;-76|eduroam;20:a6:cd:8e:9f:91;-82|DCU-Guest-WiFi;20:a6:cd:8e:9f:90;-82|
L101,1676400960,"eduroam",24:f2:7f:ac:d7:91,-57,eduroam;24:f2:7f:ac:d7:91;-63|DCU-Guest-WiFi;24:f2:7f:ac:d7:90;-63|DCU-Guest-WiFi;34:fc:b9:14:a7:d0;-85|eduroam;34:fc:b9:14:a7:d1;-85|DCU-Guest-WiFi;20:a6:cd:8e:9e:50;-84|eduroam;20:a6:cd:8e:9e:51;-84|DCU-Guest-WiFi;20:a6:cd:8e:9e:40;-82|DCU-Guest-WiFi;20:a6:cd:8e:a0:10;-74|eduroam;20:a6:cd:8e:a0:11;-75|eduroam;24:f2:7f:ac:d7:81;-63|DCU-Guest-WiFi;24:f2:7f:ac:d7:80;-64|DCU-Guest-WiFi;20:a6:cd:8e:9f:80;-72|eduroam;24:f2:7f:ac:d6:61;-89|eduroam;24:f2:7f:ac:d6:71;-88|eduroam;20:a6:cd:8e:9f:91;-77|DCU-Guest-WiFi;20:a6:cd:8e:9f:90;-77|
L101,1676400990,"eduroam",24:f2:7f:ac:d7:91,-57,eduroam;24:f2:7f:ac:d7:91;-60|DCU-Guest-WiFi;24:f2:7f:ac:d7:90;-60|DCU-Guest-WiFi;34:fc:b9:14:a7:d0;-81|eduroam;34:fc:b9:14:a7:d1;-80|DCU-Guest-WiFi;20:a6:cd:8e:9e:50;-83|eduroam;20:a6:cd:8e:9e:51;-83|eduroam;20:a6:cd:8e:9e:41;-82|eduroam;20:a6:cd:8e:a0:01;-71|DCU-Guest-WiFi;20:a6:cd:8e:a0:00;-70|DCU-Guest-WiFi;20:a6:cd:8e:a0:10;-73|eduroam;20:a6:cd:8e:a0:11;-74|eduroam;24:f2:7f:ac:d7:81;-65|DCU-Guest-WiFi;24:f2:7f:ac:d7:80;-65|DCU-Guest-WiFi;20:a6:cd:8e:9f:80;-75|DCU-Guest-WiFi;e8:26:89:4e:b7:b0;-89|DCU-Guest-WiFi;24:f2:7f:ac:d6:60;-84|eduroam;e8:26:89:4e:b7:b1;-90|eduroam;24:f2:7f:ac:d6:61;-86|DCU-Guest-WiFi;24:f2:7f:ac:d6:70;-87|eduroam;20:a6:cd:8e:9f:91;-83|DCU-Guest-WiFi;20:a6:cd:8e:9f:90;-83|
L101,1676401020,"eduroam",24:f2:7f:ac:d7:91,-57,eduroam;24:f2:7f:ac:d7:91;-61|DCU-Guest-WiFi;24:f2:7f:ac:d7:90;-62|DCU-Guest-WiFi;34:fc:b9:14:a7:d0;-86|eduroam;34:fc:b9:14:a7:d1;-86|DCU-Guest-WiFi;20:a6:cd:8e:9e:50;-84|eduroam;20:a6:cd:8e:9e:51;-82|DCU-Guest-WiFi;20:a6:cd:8e:a0:10;-76|eduroam;20:a6:cd:8e:a0:11;-75|eduroam;24:f2:7f:ac:d7:81;-66|DCU-Guest-WiFi;24:f2:7f:ac:d7:80;-67|DCU-Guest-WiFi;20:a6:cd:8e:9f:80;-71|eduroam;20:a6:cd:8e:9f:81;-74|DCU-Guest-WiFi;24:f2:7f:ac:d6:60;-87|eduroam;e8:26:89:4e:b7:b1;-89|eduroam;24:f2:7f:ac:d6:61;-85|eduroam;20:a6:cd:8e:9f:91;-80|DCU-Guest-WiFi;20:a6:cd:8e:9f:90;-80|DCU-Guest-WiFi;e8:26:89:4e:b7:a0;-84|eduroam;e8:26:89:4e:b7:a1;-85|
L101,1676401050,"eduroam",24:f2:7f:ac:d7:91,-57,eduroam;24:f2:7f:ac:d7:91;-61|DCU-Guest-WiFi;24:f2:7f:ac:d7:90;-62|DCU-Guest-WiFi;34:fc:b9:14:a7:d0;-85|eduroam;34:fc:b9:14:a7:d1;-85|DCU-Guest-WiFi;20:a6:cd:8e:9e:50;-83|eduroam;20:a6:cd:8e:9e:51;-83|eduroam;20:a6:cd:8e:9e:41;-79|DCU-Guest-WiFi;20:a6:cd:8e:9e:40;-79|DCU-Guest-WiFi;20:a6:cd:8e:a0:10;-75|eduroam;20:a6:cd:8e:a0:11;-76|eduroam;24:f2:7f:ac:d7:81;-65|DCU-Guest-WiFi;24:f2:7f:ac:d7:80;-64|DCU-Guest-WiFi;20:a6:cd:8e:9f:80;-72|eduroam;20:a6:cd:8e:9f:81;-74|DCU-Guest-WiFi;e8:26:89:4e:b7:b0;-87|eduroam;e8:26:89:4e:b7:b1;-86|DCU-Guest-WiFi;24:f2:7f:ac:d6:60;-87|eduroam;24:f2:7f:ac:d6:61;-86|eduroam;20:a6:cd:8e:9f:91;-75|DCU-Guest-WiFi;20:a6:cd:8e:9f:90;-76|
L101,1676401080,"eduroam",24:f2:7f:ac:d7:91,-57,eduroam;24:f2:7f:ac:d7:91;-65|DCU-Guest-WiFi;24:f2:7f:ac:d7:90;-65|DCU-Guest-WiFi;34:fc:b9:14:a7:d0;-85|eduroam;34:fc:b9:14:a7:d1;-88|DCU-Guest-WiFi;20:a6:cd:8e:9e:50;-81|eduroam;20:a6:cd:8e:9e:51;-80|DCU-Guest-WiFi;20:a6:cd:8e:9e:40;-88|eduroam;20:a6:cd:8e:a0:01;-78|DCU-Guest-WiFi;20:a6:cd:8e:a0:00;-80|DCU-Guest-WiFi;20:a6:cd:8e:a0:10;-81|eduroam;20:a6:cd:8e:a0:11;-80|eduroam;24:f2:7f:ac:d7:81;-72|DCU-Guest-WiFi;24:f2:7f:ac:d7:80;-72|DCU-Guest-WiFi;20:a6:cd:8e:9f:80;-68|eduroam;20:a6:cd:8e:9f:81;-70|DCU-Guest-WiFi;e8:26:89:4e:b7:b0;-86|eduroam;e8:26:89:4e:b7:b1;-86|DCU-Guest-WiFi;24:f2:7f:ac:d6:60;-87|eduroam;24:f2:7f:ac:d6:61;-86|DCU-Guest-WiFi;24:f2:7f:ac:d6:70;-86|eduroam;24:f2:7f:ac:d6:71;-87|eduroam;20:a6:cd:8e:9f:91;-70|DCU-Guest-WiFi;20:a6:cd:8e:9f:90;-70|
